profile_url,player_name,age,rating_3,firepower,entrying,trading,opening,clutching,sniping,utility
https://www.hltv.org/player/7322/apex,"apEX",32,0.86,7,55,28,23,40,0,98
https://www.hltv.org/player/11816/ropz,"ropz",26,1.17,81,7,63,53,69,4,22
https://www.hltv.org/player/11893/zywoo,"ZywOo",25,1.30,97,27,68,84,54,91,58
https://www.hltv.org/player/16693/flamez,"flameZ",22,1.13,71,95,16,85,41,0,74
https://www.hltv.org/player/18462/mezii,"mezii",27,1.09,46,77,66,31,74,0,56
https://www.hltv.org/player/2023/fallen,"FalleN",34,0.92,9,52,37,18,44,4,71
https://www.hltv.org/player/12553/yuurih,"yuurih",26,1.11,59,35,56,21,49,0,64
https://www.hltv.org/player/13915/yekindar,"YEKINDAR",26,1.12,81,35,7,92,31,0,67
https://www.hltv.org/player/15631/kscerato,"KSCERATO",26,1.23,88,35,36,54,59,0,82
https://www.hltv.org/player/24144/molodoy,"molodoy",20,1.15,79,22,24,79,81,95,49
https://www.hltv.org/player/3741/niko,"NiKo",28,1.10,68,52,62,59,67,0,69
https://www.hltv.org/player/12018/teses,"TeSeS",25,0.92,9,58,48,20,50,1,48
https://www.hltv.org/player/19230/m0nesy,"m0NESY",20,1.32,95,40,48,85,90,93,64
https://www.hltv.org/player/19677/kyxsan,"kyxsan",25,0.97,12,76,34,21,55,0,83
https://www.hltv.org/player/24177/kyousuke,"kyousuke",17,1.12,86,68,67,87,38,1,25
https://www.hltv.org/player/13666/brollan,"Brollan",23,0.93,22,68,50,43,32,0,89
https://www.hltv.org/player/18072/torzsi,"torzsi",23,1.03,42,41,71,31,81,91,73
https://www.hltv.org/player/18221/spinx,"Spinx",25,1.14,79,53,47,71,43,0,46
https://www.hltv.org/player/18850/jimpphat,"Jimpphat",19,1.04,41,49,56,23,48,0,30
https://www.hltv.org/player/20312/xertion,"xertioN",21,1.17,86,83,44,87,36,0,66
https://www.hltv.org/player/429/karrigan,"karrigan",35,0.88,9,51,23,41,33,0,84
https://www.hltv.org/player/9960/frozen,"frozen",23,1.19,86,37,71,66,65,0,55
https://www.hltv.org/player/10394/twistzz,"Twistzz",26,1.22,89,82,89,60,62,1,65
https://www.hltv.org/player/18053/broky,"broky",24,1.04,53,69,69,48,74,91,70
https://www.hltv.org/player/22383/jcobbb,"jcobbb",21,0.97,29,89,59,46,28,0,17
https://www.hltv.org/player/20194/blitz,"bLitz",24,0.93,28,43,15,47,51,3,95
https://www.hltv.org/player/20275/techno,"Techno",20,0.97,42,42,31,47,49,0,45
https://www.hltv.org/player/21001/mzinho,"mzinho",18,1.05,53,35,21,34,45,1,60
https://www.hltv.org/player/21809/910,"910",23,1.04,64,13,58,52,88,92,62
https://www.hltv.org/player/9816/aleksib,"Aleksib",28,0.93,4,95,42,24,41,0,84
https://www.hltv.org/player/14759/im,"iM",26,1.14,83,61,41,77,38,0,42
https://www.hltv.org/player/18987/b1t,"b1t",22,1.13,72,40,69,35,51,0,51
https://www.hltv.org/player/20127/w0nderful,"w0nderful",21,1.12,60,6,73,38,72,92,55
https://www.hltv.org/player/22673/makazze,"makazze",19,1.08,67,68,20,77,27,0,60
https://www.hltv.org/player/16920/sh1ro,"sh1ro",24,1.18,80,2,58,49,63,94,70
https://www.hltv.org/player/18317/magixx,"magixx",22,,,,,,,,
https://www.hltv.org/player/19808/tn1r,"tN1R",24,1.00,38,43,24,27,73,0,46
https://www.hltv.org/player/20423/zont1x,"zont1x",20,,,,,,,,
https://www.hltv.org/player/21167/donk,"donk",18,1.32,99,43,74,91,54,3,44
https://www.hltv.org/player/3972/hunter,"huNter-",29,0.89,11,59,42,12,29,0,93
https://www.hltv.org/player/11617/malbsmd,"malbsMd",23,0.99,45,35,41,85,24,0,46
https://www.hltv.org/player/19164/sunpayus,"SunPayus",27,1.04,41,24,28,58,67,92,59
https://www.hltv.org/player/20447/heavygod,"HeavyGod",23,1.08,54,30,58,32,42,0,53
https://www.hltv.org/player/21062/matys,"MATYS",23,1.03,44,72,68,44,39,0,52
https://www.hltv.org/player/150/maj3r,"MAJ3R",34,0.88,3,53,29,17,44,0,88
https://www.hltv.org/player/7938/xantares,"XANTARES",30,1.20,97,48,49,92,44,0,42
https://www.hltv.org/player/8574/woxic,"woxic",27,1.03,43,10,74,52,77,93,54
https://www.hltv.org/player/20968/soulfly,"soulfly",21,1.07,65,85,17,88,20,0,61
https://www.hltv.org/player/21243/wicadia,"Wicadia",20,1.14,88,70,48,65,73,2,27
https://www.hltv.org/player/19592/headtr1ck,"headtr1ck",21,0.96,23,26,55,34,62,89,56
https://www.hltv.org/player/20112/alex666,"alex666",24,0.94,30,42,20,28,58,1,66
https://www.hltv.org/player/21708/npl,"npl",20,1.09,76,58,70,55,27,0,48
https://www.hltv.org/player/22842/kensizor,"kensizor",19,1.09,87,92,50,84,24,0,48
https://www.hltv.org/player/23643/esenthial,"esenthial",19,1.01,28,48,62,40,57,1,21
https://www.hltv.org/player/8374/bodyy,"bodyy",28,1.02,51,57,28,80,29,1,72
https://www.hltv.org/player/13138/maka,"Maka",28,1.03,42,25,53,76,58,82,90
https://www.hltv.org/player/13497/lucky,"Lucky",27,0.97,28,60,70,16,36,0,75
https://www.hltv.org/player/19739/ex3rcice,"Ex3rcice",25,1.00,47,51,49,40,48,1,41
https://www.hltv.org/player/21969/graviti,"Graviti",22,0.99,44,68,75,45,57,0,82
https://www.hltv.org/player/18141/biguzera,"biguzera",28,1.05,51,66,13,74,66,5,83
https://www.hltv.org/player/19694/nqz,"nqz",20,1.01,45,9,42,39,78,93,64
https://www.hltv.org/player/20171/snow,"snow",18,1.03,57,54,40,63,50,0,55
https://www.hltv.org/player/10096/hooxi,"HooXi",30,0.95,21,62,18,41,38,1,88
https://www.hltv.org/player/17956/jabbi,"jabbi",22,1.01,45,51,30,33,38,0,34
https://www.hltv.org/player/20304/staehr,"Staehr",21,1.02,50,44,64,65,45,1,65
https://www.hltv.org/player/8520/naf,"NAF",28,1.10,49,55,21,33,59,1,63
https://www.hltv.org/player/8738/elige,"EliGE",28,1.05,70,27,48,75,24,1,49
https://www.hltv.org/player/9436/nertz,"NertZ",26,1.06,67,12,45,59,51,3,53
https://www.hltv.org/player/16820/siuhy,"siuhy",23,0.94,16,47,24,49,33,0,76
https://www.hltv.org/player/21763/ultimate,"ultimate",22,1.04,44,42,31,54,51,89,50
https://www.hltv.org/player/11630/jt,"JT",26,1.06,54,83,46,53,58,0,84
https://www.hltv.org/player/12840/hallzerk,"hallzerk",25,0.99,33,39,79,53,80,91,72
https://www.hltv.org/player/13578/grim,"Grim",25,1.03,77,87,48,59,42,0,44
https://www.hltv.org/player/21452/kvem,"Kvem",24,1.08,85,46,64,84,30,0,40
https://www.hltv.org/player/21620/nicx,"nicx",21,1.01,36,42,60,8,83,0,25
https://www.hltv.org/player/15698/dumau,"dumau",22,1.06,78,23,32,77,28,0,77
https://www.hltv.org/player/19045/latto,"latto",23,1.17,75,52,39,35,47,1,82
https://www.hltv.org/player/19686/n1ssim,"n1ssim",24,1.04,50,11,42,35,76,1,45
https://www.hltv.org/player/20563/lux,"lux",23,0.98,43,70,16,64,57,0,85
https://www.hltv.org/player/22965/saadzin,"saadzin",21,1.05,47,50,49,64,51,92,71
https://www.hltv.org/player/13776/jame,"Jame",27,1.06,43,4,75,42,94,92,86
https://www.hltv.org/player/19235/belchonokk,"BELCHONOKK",21,1.02,34,95,38,54,48,0,24
https://www.hltv.org/player/22076/aw,"AW",19,1.02,25,85,72,14,53,0,72
https://www.hltv.org/player/22471/xielo,"xiELO",19,1.14,79,76,58,75,31,4,37
https://www.hltv.org/player/22929/nota,"nota",18,1.17,79,92,76,67,70,1,63
https://www.hltv.org/player/19187/xfl0ud,"xfl0ud",23,1.11,89,51,28,80,44,1,67
https://www.hltv.org/player/20119/nilo,"nilo",20,1.07,66,54,71,34,36,1,38
https://www.hltv.org/player/21983/chr1zn,"Chr1zN",19,1.01,57,27,16,50,38,0,78
https://www.hltv.org/player/22047/yxngstxr,"yxngstxr",21,0.95,25,52,27,29,24,0,40
https://www.hltv.org/player/23600/alkaren,"Alkaren",18,1.09,55,15,33,70,68,93,60
https://www.hltv.org/player/630/mutiris,"MUTiRiS",33,1.01,36,19,44,29,56,0,92
https://www.hltv.org/player/20462/story,"story",23,1.15,75,27,28,87,78,93,78
https://www.hltv.org/player/21014/ag1l,"Ag1l",22,1.10,64,51,31,39,68,1,56
https://www.hltv.org/player/22807/aragornn,"aragornN",23,1.12,84,56,34,86,24,0,54
https://www.hltv.org/player/23140/krazy,"krazy",22,1.03,64,68,60,49,57,0,31
https://www.hltv.org/player/10566/chelo,"chelo",27,1.04,60,83,31,76,44,0,66
https://www.hltv.org/player/12822/vini,"VINI",26,1.10,67,49,19,47,66,0,73
https://www.hltv.org/player/18676/skullz,"skullz",23,0.99,31,29,66,28,43,0,50
https://www.hltv.org/player/19869/try,"try",21,1.21,92,15,51,90,58,93,61
https://www.hltv.org/player/22564/noway,"noway",20,1.06,61,88,80,27,48,0,47
https://www.hltv.org/player/12732/fl1t,"FL1T",25,1.08,69,78,52,89,35,0,73
https://www.hltv.org/player/16947/perfecto,"Perfecto",26,1.11,69,24,82,21,32,0,80
https://www.hltv.org/player/20101/fame,"fame",22,1.06,69,65,60,62,31,0,52
https://www.hltv.org/player/23637/b1st,"b1st",17,0.84,1,73,58,49,77,88,60
https://www.hltv.org/player/24952/to0ro,"tO0RO",18,0.92,10,75,45,48,25,1,36
https://www.hltv.org/player/2553/snax,"Snax",32,,,,,,,,
https://www.hltv.org/player/9278/rez,"REZ",27,1.06,61,58,46,80,29,0,62
https://www.hltv.org/player/20301/tauson,"Tauson",20,1.06,55,57,41,43,55,0,37
https://www.hltv.org/player/22279/pr,"PR",18,1.13,80,20,38,73,62,1,52
https://www.hltv.org/player/23766/hypex,"hypex",22,0.92,25,19,80,27,70,85,54
https://www.hltv.org/player/922/snappi,"Snappi",35,0.94,24,65,11,28,55,3,77
https://www.hltv.org/player/14148/sjuush,"sjuush",26,1.12,70,53,29,58,59,1,60
https://www.hltv.org/player/20425/r1nkle,"r1nkle",21,1.08,73,16,57,79,41,91,53
https://www.hltv.org/player/23372/xkacpersky,"xKacpersky",19,1.20,91,55,42,66,45,0,37
https://www.hltv.org/player/15370/slaxz,"slaxz-",27,1.17,70,22,44,69,51,92,79
https://www.hltv.org/player/16599/swisher,"Swisher",27,1.17,80,73,53,74,35,0,81
https://www.hltv.org/player/20104/s1n,"s1n",23,1.10,45,25,76,18,52,1,90
https://www.hltv.org/player/21665/jba,"JBa",21,1.21,94,50,69,77,25,1,40
https://www.hltv.org/player/22921/lake,"Lake",21,1.22,87,94,34,92,40,0,53
https://www.hltv.org/player/8371/alex,"alex",30,0.98,30,80,66,39,53,1,69
https://www.hltv.org/player/9254/mopoz,"mopoz",29,1.07,40,57,16,55,39,1,59
https://www.hltv.org/player/18749/sausol,"sausol",25,1.00,39,27,50,32,53,0,62
https://www.hltv.org/player/19509/dav1g,"dav1g",24,1.04,58,45,60,66,51,1,54
https://www.hltv.org/player/21239/martinezsa,"MartinezSa",24,1.09,65,24,47,59,66,91,60
https://www.hltv.org/player/20584/dem0n,"dem0n",18,1.15,76,63,89,31,58,0,32
https://www.hltv.org/player/20761/launx,"lauNX",20,1.12,73,87,57,71,50,0,67
https://www.hltv.org/player/22203/krabeni,"Krabeni",20,1.06,73,49,15,83,46,0,79
https://www.hltv.org/player/22674/cmtry,"cmtry",18,1.11,71,63,31,56,75,90,74
https://www.hltv.org/player/23553/dziugss,"dziugss",17,1.18,71,57,75,26,72,0,60
https://www.hltv.org/player/16551/westmelon,"Westmelon",24,0.99,58,52,53,66,26,0,80
https://www.hltv.org/player/18744/z4kr,"z4kr",23,1.04,63,23,43,60,45,93,62
https://www.hltv.org/player/20254/starry,"Starry",20,1.02,67,57,47,69,34,2,71
https://www.hltv.org/player/22922/emiliaqaq,"EmiliaQAQ",21,0.97,39,39,37,23,41,0,40
https://www.hltv.org/player/23100/c4llm3su3,"C4LLM3SU3",21,0.96,15,62,50,14,84,1,38
https://www.hltv.org/player/7528/krimz,"KRIMZ",31,1.05,33,20,45,25,57,1,70
https://www.hltv.org/player/15165/blamef,"blameF",28,1.28,93,26,49,75,71,0,55
https://www.hltv.org/player/17803/fear,"fEAR",25,0.88,14,63,25,38,37,0,79
https://www.hltv.org/player/23046/jambo,"jambo",21,1.06,65,11,28,80,53,91,75
https://www.hltv.org/player/23414/jackasmo,"jackasmo",18,1.01,48,55,46,39,44,0,67
https://www.hltv.org/player/4679/jks,"jks",30,1.04,54,49,12,37,46,0,74
https://www.hltv.org/player/11140/ins,"INS",27,1.03,38,71,69,36,36,0,94
https://www.hltv.org/player/17384/vexite,"Vexite",21,1.02,53,92,18,83,26,0,70
https://www.hltv.org/player/18214/nettik,"nettik",22,0.91,25,49,88,24,56,0,76
https://www.hltv.org/player/20123/regali,"regali",23,1.02,48,3,83,31,63,91,59
https://www.hltv.org/player/8552/attacker,"Attacker",28,,,,,,,,
https://www.hltv.org/player/19645/jamyoung,"JamYoung",24,1.13,79,77,73,69,54,0,63
https://www.hltv.org/player/20702/jee,"Jee",21,0.98,59,6,87,37,80,84,68
https://www.hltv.org/player/20895/mercury,"Mercury",25,1.02,55,45,47,36,79,0,72
https://www.hltv.org/player/21621/moseyuh,"Moseyuh",21,0.94,27,92,55,52,29,0,26
https://www.hltv.org/player/11840/boombl4,"Boombl4",27,1.08,62,81,15,75,40,0,72
https://www.hltv.org/player/18506/s1ren,"S1ren",23,1.07,55,62,48,29,46,0,32
https://www.hltv.org/player/20357/d1ledez,"d1Ledez",22,1.11,69,49,57,40,57,0,43
https://www.hltv.org/player/21348/artfr0st,"ArtFr0st",24,1.05,51,8,70,47,83,93,61
https://www.hltv.org/player/21667/magnojez,"Magnojez",21,1.23,93,57,21,90,38,0,70
https://www.hltv.org/player/3849/jw,"JW",30,1.01,45,21,24,65,70,80,61
https://www.hltv.org/player/20879/maxster,"maxster",21,1.15,74,38,71,28,75,1,56
https://www.hltv.org/player/21012/ro1f,"Ro1f",21,1.03,33,56,36,24,54,0,63
https://www.hltv.org/player/21159/bobeksde,"bobeksde",22,1.17,93,35,17,88,41,0,74
https://www.hltv.org/player/22914/dex,"dex",24,1.03,47,64,45,54,35,0,61
https://www.hltv.org/player/7687/nitr0,"nitr0",30,1.07,33,90,35,17,36,0,70
https://www.hltv.org/player/8711/sonic,"Sonic",27,1.21,93,37,66,94,23,0,84
https://www.hltv.org/player/13249/osee,"oSee",26,,,,,,,,
https://www.hltv.org/player/16717/br0,"br0",23,1.12,85,52,73,42,35,6,78
https://www.hltv.org/player/20333/jeorge,"Jeorge",22,1.11,69,88,50,66,55,0,60
https://www.hltv.org/player/12521/art,"arT",29,0.96,30,63,15,71,54,9,62
https://www.hltv.org/player/18717/lucaozy,"Lucaozy",24,1.04,61,64,62,53,24,2,31
https://www.hltv.org/player/19692/zevy,"zevy",24,1.03,53,60,38,41,53,92,47
https://www.hltv.org/player/20183/decenty,"decenty",21,1.10,87,27,77,45,47,0,24
https://www.hltv.org/player/20385/kye,"kye",21,1.04,52,50,75,42,51,0,42
https://www.hltv.org/player/16612/n0rb3r7,"n0rb3r7",24,1.16,94,44,35,81,37,0,58
https://www.hltv.org/player/19823/dukefissura,"dukefissura",29,1.03,61,53,47,73,44,0,44
https://www.hltv.org/player/21385/mizu,"mizu",21,1.02,43,82,25,20,51,0,42
https://www.hltv.org/player/21692/kalash,"kAlash",21,1.02,49,51,32,41,56,1,23
https://www.hltv.org/player/24806/frontales,"frontales",23,1.02,55,14,57,47,44,91,61
https://www.hltv.org/player/10330/acor,"acoR",28,1.04,58,32,55,64,66,92,64
https://www.hltv.org/player/11995/tmb,"TMB",23,0.91,20,82,27,53,35,0,87
https://www.hltv.org/player/20417/anlelele,"Anlelele",25,1.09,75,55,51,74,33,0,71
https://www.hltv.org/player/21779/nut-nut,"nut nut",20,1.10,60,50,80,25,64,0,85
https://www.hltv.org/player/22695/sirah,"sirah",19,1.20,90,54,46,71,65,0,56
https://www.hltv.org/player/17508/glowiing,"glowiing",32,1.12,89,64,41,86,31,0,68
https://www.hltv.org/player/20430/alpha,"alpha",21,0.97,34,72,83,29,43,1,78
https://www.hltv.org/player/21710/notineki,"notineki",20,1.06,45,59,57,21,56,0,44
https://www.hltv.org/player/22803/bl1x1,"bl1x1",19,1.08,44,93,58,68,46,0,37
https://www.hltv.org/player/22879/fenomen,"FenomeN",21,1.10,63,29,68,54,82,94,60
https://www.hltv.org/player/23642/flierax,"Flierax",20,1.03,54,29,41,60,67,93,60
https://www.hltv.org/player/24168/onic,"onic",20,0.87,8,35,35,22,55,2,68
https://www.hltv.org/player/24282/dawy,"Dawy",18,1.11,85,72,85,68,52,0,16
https://www.hltv.org/player/24283/cairne,"cairne",23,1.20,89,87,72,80,34,0,45
https://www.hltv.org/player/19015/bymas,"Bymas",22,1.08,51,65,69,38,47,0,37
https://www.hltv.org/player/19926/afro,"afro",26,1.09,70,8,26,67,75,93,78
https://www.hltv.org/player/21217/ryu,"ryu",21,1.17,72,14,78,31,62,0,32
https://www.hltv.org/player/21816/gizmy,"Gizmy",21,0.97,33,82,22,59,40,1,92
https://www.hltv.org/player/22106/azuwu,"AZUWU",22,1.03,73,89,46,84,32,0,49
https://www.hltv.org/player/12708/rigon,"rigoN",26,0.93,30,88,31,71,23,0,25
https://www.hltv.org/player/12731/sdy,"sdy",28,1.05,61,57,80,74,55,0,85
https://www.hltv.org/player/21233/myltsi,"myltsi",21,0.98,35,82,51,26,76,0,61
https://www.hltv.org/player/21815/podi,"podi",21,1.18,82,23,48,55,98,91,76
https://www.hltv.org/player/21972/neityu,"Neityu",20,1.06,61,42,72,25,71,0,49
https://www.hltv.org/player/20071/fanatyk,"fanatyk",26,1.00,28,30,63,11,78,0,52
https://www.hltv.org/player/20686/suonko,"suonko",25,1.07,75,88,63,78,32,0,47
https://www.hltv.org/player/20945/frontsiderr,"Frontsiderr",25,1.08,53,53,62,23,65,0,43
https://www.hltv.org/player/22129/antyvirus,"AntyVirus",22,0.97,50,77,63,58,30,1,33
https://www.hltv.org/player/24179/spavaqu,"SpavaQu",22,1.17,91,34,37,89,72,91,41
https://www.hltv.org/player/20558/gafolo,"gafolo",23,1.00,27,99,82,24,62,1,87
https://www.hltv.org/player/21170/koala,"koala",20,1.22,83,41,80,42,91,0,35
https://www.hltv.org/player/21221/maxxkor,"maxxkor",23,1.10,60,24,44,42,87,92,79
https://www.hltv.org/player/21921/rdnzao,"rdnzao",22,1.11,73,93,69,74,20,0,46
https://www.hltv.org/player/22911/doc,"doc",23,1.12,88,87,62,88,38,0,65
https://www.hltv.org/player/19575/x5g7v,"X5G7V",22,1.11,63,66,35,80,56,0,86
https://www.hltv.org/player/22886/xeedo,"xeedo",18,1.12,82,75,72,63,35,0,54
https://www.hltv.org/player/23684/relaxxie,"relaxxie",21,1.12,65,77,79,42,52,0,50
https://www.hltv.org/player/23686/kashl1d,"kashl1d",19,1.18,75,28,64,58,89,93,69
https://www.hltv.org/player/24725/qw1nk1,"qw1nk1",17,1.07,53,95,55,45,46,0,49
https://www.hltv.org/player/7443/twist,"twist",31,1.09,48,88,18,45,65,0,93
https://www.hltv.org/player/16487/eraa,"eraa",24,1.14,86,11,48,73,52,93,71
https://www.hltv.org/player/22760/upe,"upE",21,1.00,27,52,24,27,45,0,74
https://www.hltv.org/player/22860/avid,"avid",23,1.17,85,73,85,48,50,0,73
https://www.hltv.org/player/23397/poiii,"poiii",19,1.20,92,67,62,93,42,1,44
https://www.hltv.org/player/2161/noktse,"Noktse",32,0.94,18,70,54,27,51,5,93
https://www.hltv.org/player/20185/cass1n,"cass1n",23,1.16,80,43,89,60,81,91,78
https://www.hltv.org/player/20607/buda,"buda",22,1.19,84,60,65,80,54,1,47
https://www.hltv.org/player/22570/tomaszin,"tomaszin",21,1.23,91,89,64,64,60,0,58
https://www.hltv.org/player/24863/timo,"timo",21,1.05,63,96,44,30,28,0,61
https://www.hltv.org/player/7964/cadian,"cadiaN",30,1.00,51,6,27,75,45,91,91
https://www.hltv.org/player/19064/spooke,"spooke",24,1.11,79,85,43,58,40,0,64
https://www.hltv.org/player/20465/arrozdoce,"arrozdoce",23,1.01,27,68,56,17,85,0,80
https://www.hltv.org/player/20878/adamb,"adamb",20,1.14,87,67,92,48,41,0,30
https://www.hltv.org/player/20994/fl4mus,"FL4MUS",21,1.16,92,57,31,81,31,7,65
https://www.hltv.org/player/15072/nin9,"nin9",27,1.10,63,14,5,77,70,83,85
https://www.hltv.org/player/18638/sk0r,"sk0R",23,1.06,82,25,42,71,26,4,47
https://www.hltv.org/player/19957/bart4k,"Bart4k",21,0.90,12,22,53,13,53,0,42
https://www.hltv.org/player/20703/xerolte,"xerolte",22,1.04,41,27,14,58,26,0,68
https://www.hltv.org/player/23402/cobrazera,"cobrazera",20,1.15,79,25,31,44,76,2,53
https://www.hltv.org/player/19962/re1gn,"Re1GN",25,1.06,66,52,78,62,35,0,25
https://www.hltv.org/player/22878/senka,"senka",20,1.00,31,61,16,69,41,0,94
https://www.hltv.org/player/22880/m1quse,"m1QUSE",18,1.07,62,65,58,30,60,0,39
https://www.hltv.org/player/23762/z1k4,"z1k4",23,1.17,84,27,59,59,72,92,68
https://www.hltv.org/player/24568/flouzer,"flouzer",18,1.14,80,77,53,43,51,1,74
https://www.hltv.org/player/5794/tabsen,"tabseN",30,1.04,51,36,9,49,78,1,78
https://www.hltv.org/player/14929/jdc,"JDC",25,1.16,91,35,33,88,44,0,29
https://www.hltv.org/player/19284/prosus,"prosus",22,1.06,75,40,55,57,48,0,27
https://www.hltv.org/player/20122/freeze,"FreeZe",27,0.85,3,61,28,9,49,0,91
https://www.hltv.org/player/22884/gr1ks,"gr1ks",20,1.31,99,14,59,73,83,96,45
https://www.hltv.org/player/11217/spellan,"SPELLAN",28,0.95,34,35,34,44,82,2,92
https://www.hltv.org/player/15385/kaluber,"KalubeR",25,1.11,81,54,78,59,51,1,56
https://www.hltv.org/player/20114/shaik,"shaiK",23,1.02,40,92,57,27,71,0,44
https://www.hltv.org/player/21371/awayken,"AwaykeN",22,1.04,50,28,69,58,59,92,60
https://www.hltv.org/player/21657/skrimo,"Skrimo",21,1.04,55,85,65,61,73,0,44
https://www.hltv.org/player/15203/reiko,"reiko",26,1.13,95,56,86,72,32,0,43
https://www.hltv.org/player/20245/samey,"SaMey",25,1.05,47,53,63,24,90,71,59
https://www.hltv.org/player/20958/bajmi,"bajmi",23,1.03,52,59,73,24,72,0,36
https://www.hltv.org/player/21263/olimp,"olimp",25,1.03,47,38,22,67,56,3,77
https://www.hltv.org/player/22703/moonwalk,"moonwalk",22,1.01,41,84,31,42,30,0,20
https://www.hltv.org/player/12937/wolfy,"WolfY",27,1.19,70,11,43,55,78,92,74
https://www.hltv.org/player/17353/cxzi,"Cxzi",25,1.15,91,53,12,89,21,0,81
https://www.hltv.org/player/18761/viz,"viz",24,1.08,71,69,38,59,28,0,62
https://www.hltv.org/player/19705/chop,"chop",23,1.05,43,53,44,24,47,0,50
https://www.hltv.org/player/22069/grizz,"Grizz",20,1.17,84,63,53,59,57,0,64
https://www.hltv.org/player/3669/innocent,"innocent",32,0.91,28,20,47,28,69,0,86
https://www.hltv.org/player/15940/sobol,"Sobol",27,0.94,27,66,41,37,60,1,35
https://www.hltv.org/player/21715/flayy,"flayy",20,1.12,76,21,86,38,88,84,52
https://www.hltv.org/player/22473/qlocuu,"Qlocuu",21,1.03,59,91,87,44,60,0,28
https://www.hltv.org/player/7028/summer,"Summer",28,1.02,47,76,37,31,39,1,93
https://www.hltv.org/player/19681/childking,"ChildKing",25,1.16,87,48,47,68,63,1,56
https://www.hltv.org/player/20808/tiger,"Tiger",22,1.08,75,14,40,79,70,93,69
https://www.hltv.org/player/21825/l1hang,"L1haNg",22,1.13,85,62,44,87,54,0,74
https://www.hltv.org/player/24304/chengking,"chengking",18,1.07,66,51,58,77,57,1,54
https://www.hltv.org/player/16723/cabbi,"Cabbi",27,0.98,47,69,43,75,53,4,43
https://www.hltv.org/player/20090/zyphon,"Zyphon",21,1.14,77,50,43,82,47,5,35
https://www.hltv.org/player/21199/mistr,"MistR",21,1.02,35,75,62,32,69,0,64
https://www.hltv.org/player/23338/beccie,"Beccie",20,1.10,46,75,77,16,87,0,43
https://www.hltv.org/player/2898/raalz,"raalz",30,0.96,28,82,48,36,50,0,95
https://www.hltv.org/player/16726/phzy,"phzy",23,1.11,74,24,46,56,78,80,73
https://www.hltv.org/player/20300/kraghen,"kraghen",23,1.08,64,40,50,61,47,0,62
https://www.hltv.org/player/20309/bnox,"bnox",25,1.07,76,23,38,64,64,0,55
https://www.hltv.org/player/22702/cej0t,"cej0t",18,1.03,52,54,28,70,47,0,43
https://www.hltv.org/player/20387/xant3r,"Xant3r",21,1.00,39,75,42,58,36,1,75
https://www.hltv.org/player/21266/1eer,"1eeR",24,1.00,49,89,56,25,60,0,81
https://www.hltv.org/player/22325/sowalio,"sowalio",21,1.05,53,55,56,48,64,0,27
https://www.hltv.org/player/22460/riskyb0b,"riskyb0b",23,1.08,67,55,62,55,46,5,72
https://www.hltv.org/player/23317/khan,"khaN",22,1.12,87,25,63,81,53,93,67
https://www.hltv.org/player/12092/max,"max",26,1.06,45,87,45,46,55,0,77
https://www.hltv.org/player/14737/meyern,"meyern",23,1.14,73,21,68,53,91,89,54
https://www.hltv.org/player/15914/luken,"Luken",28,1.21,92,38,82,63,88,0,46
https://www.hltv.org/player/20394/luchov,"luchov",24,1.06,74,77,79,82,25,0,70
https://www.hltv.org/player/22613/huasopeek,"HUASOPEEK",22,1.12,62,75,78,40,43,0,43
https://www.hltv.org/player/12781/k1to,"k1to",27,0.99,61,73,26,68,23,0,65
https://www.hltv.org/player/16705/altekz,"Altekz",22,1.05,41,59,65,29,85,0,56
https://www.hltv.org/player/22060/delle,"delle",21,1.12,85,79,93,46,45,1,52
https://www.hltv.org/player/7168/nbk,"NBK-",31,1.00,47,72,17,67,23,0,70
https://www.hltv.org/player/14176/misutaaa,"misutaaa",22,1.14,80,73,85,33,39,0,34
https://www.hltv.org/player/19738/djoko,"Djoko",28,1.19,78,37,51,52,83,0,76
https://www.hltv.org/player/21971/brooxsy,"Brooxsy",23,1.03,57,86,51,71,38,0,45
https://www.hltv.org/player/22481/chucky,"Chucky",23,1.08,33,29,69,48,90,91,64
https://www.hltv.org/player/11154/exit,"exit",29,0.96,20,77,60,15,55,0,78
https://www.hltv.org/player/13239/qikert,"Qikert",27,0.89,6,73,54,23,33,0,28
https://www.hltv.org/player/20987/brnz4n,"brnz4n",22,0.97,37,56,65,34,94,0,18
https://www.hltv.org/player/21037/insani,"insani",21,1.15,89,68,74,81,18,0,37
https://www.hltv.org/player/23192/kl1m,"kl1m",20,1.20,88,15,80,73,40,77,39
https://www.hltv.org/player/9656/hadji,"hAdji",30,1.01,51,49,83,28,59,0,43
https://www.hltv.org/player/16885/woro2k,"Woro2k",24,1.11,89,8,11,77,92,89,43
https://www.hltv.org/player/18456/fostar,"fostar",25,1.07,56,49,62,27,46,1,53
https://www.hltv.org/player/20889/7kick,"7kick",20,1.01,55,81,46,63,41,8,50
https://www.hltv.org/player/19750/drop,"drop",21,1.10,61,78,60,19,57,0,74
https://www.hltv.org/player/20026/chayjesus,"chayJESUS",24,1.08,72,50,67,74,66,0,64
https://www.hltv.org/player/20085/kauez,"kauez",22,1.02,55,91,59,76,24,0,31
https://www.hltv.org/player/20939/history,"history",21,1.00,35,8,55,33,71,76,72
https://www.hltv.org/player/21288/venomzera,"venomzera",21,1.15,64,95,46,67,58,0,47
https://www.hltv.org/player/19231/h1te,"h1te",23,1.04,51,18,62,56,79,94,51
https://www.hltv.org/player/19874/masval,"MaSvAl",22,1.18,76,70,37,49,75,0,66
https://www.hltv.org/player/24173/tenzy,"tENZY",20,1.16,88,72,61,78,42,0,44
https://www.hltv.org/player/20199/solb,"SoLb",24,0.91,16,66,62,9,41,0,64
https://www.hltv.org/player/21369/1nvisiblee,"1NVISIBLEE",22,1.02,74,70,24,82,20,3,33
https://www.hltv.org/player/24171/djon8,"Djon8",20,1.11,85,51,67,60,51,0,41
https://www.hltv.org/player/24172/yuramyata,"yuramyata",27,1.06,62,13,65,51,71,93,58
https://www.hltv.org/player/24818/k4nfuz,"k4nfuz",21,0.97,24,84,54,18,57,0,25
https://www.hltv.org/player/12004/clax,"clax",23,1.12,67,13,45,31,69,0,55
https://www.hltv.org/player/19673/patsi,"Patsi",22,0.99,61,60,40,68,28,0,55
https://www.hltv.org/player/19882/norwi,"Norwi",24,1.06,53,78,54,35,46,1,73
https://www.hltv.org/player/20709/r3salt,"r3salt",20,1.10,75,68,51,73,35,0,65
https://www.hltv.org/player/22039/danistzz,"danistzz",23,1.06,48,25,34,54,68,68,57
https://www.hltv.org/player/11199/beastik,"beastik",27,1.09,66,49,19,73,30,0,72
https://www.hltv.org/player/12810/shock,"SHOCK",25,1.13,62,24,26,40,81,1,43
https://www.hltv.org/player/23295/kisserek,"kisserek",22,1.14,81,64,10,85,38,0,51
https://www.hltv.org/player/23459/stressarn,"stressarN",23,1.11,81,63,87,31,45,0,45
https://www.hltv.org/player/9255/draken,"draken",30,1.07,71,11,31,82,86,94,56
https://www.hltv.org/player/9261/lekr0,"Lekr0",32,1.03,35,55,48,21,73,0,69
https://www.hltv.org/player/15569/sapec,"Sapec",23,1.03,56,55,28,64,27,0,67
https://www.hltv.org/player/16029/heap,"HEAP",26,1.04,62,40,59,54,46,0,42
https://www.hltv.org/player/22759/jocab,"jocab",20,1.04,66,35,52,42,41,0,32
https://www.hltv.org/player/9766/hampus,"hampus",27,1.02,53,64,12,80,34,3,66
https://www.hltv.org/player/11219/cerq,"CeRq",26,1.00,34,29,77,36,76,90,70
https://www.hltv.org/player/17145/rainwaker,"Rainwaker",24,1.13,75,33,30,50,70,0,38
https://www.hltv.org/player/18571/cypher,"CYPHER",23,1.07,70,69,33,87,24,0,51
https://www.hltv.org/player/20358/volt,"volt",24,1.06,50,87,78,50,40,0,56
https://www.hltv.org/player/19229/roux,"ROUX",25,1.15,87,66,35,76,53,3,62
https://www.hltv.org/player/19536/yami,"yAmi",20,1.14,84,78,41,55,56,2,34
https://www.hltv.org/player/19537/cool4st,"cool4st",23,1.19,91,21,51,81,54,80,63
https://www.hltv.org/player/22414/efire,"Efire",20,1.00,31,82,60,28,41,0,49
https://www.hltv.org/player/25510/tikuak,"tikuak",16,1.16,78,52,70,67,26,1,16
https://www.hltv.org/player/3459/kinqie,"kinqie",34,0.93,18,72,26,32,48,1,85
https://www.hltv.org/player/20534/kiro,"KIRO",23,1.04,50,17,48,47,81,91,66
https://www.hltv.org/player/22040/z1nny,"z1Nny",22,1.14,78,78,33,68,58,1,53
https://www.hltv.org/player/22927/executor,"executor",21,1.18,73,30,63,53,91,2,62
https://www.hltv.org/player/23302/bluewh1te,"bluewh1te",21,1.05,64,65,76,67,40,0,61
https://www.hltv.org/player/16731/iceberg,"IceBerg",25,0.92,25,64,20,51,23,0,58
https://www.hltv.org/player/21379/salazar,"salazar",21,1.02,28,19,40,35,94,91,46
https://www.hltv.org/player/21571/leakz,"leakz",22,1.18,89,34,60,52,75,0,37
https://www.hltv.org/player/21574/boye,"Boye",21,1.09,66,26,22,52,52,0,38
https://www.hltv.org/player/24104/nickyb,"NickyB",20,0.96,29,54,59,34,75,0,50
https://www.hltv.org/player/9353/paz,"paz",28,1.05,56,61,38,26,31,0,53
https://www.hltv.org/player/17117/shield,"shield",22,1.17,77,12,26,67,86,95,63
https://www.hltv.org/player/17305/finigan,"FinigaN",26,1.08,82,53,79,64,54,0,71
https://www.hltv.org/player/20625/banjo,"Banjo",21,1.20,75,34,64,38,43,0,69
https://www.hltv.org/player/23001/hack1ng,"Hack1ng",22,0.99,34,37,24,39,73,0,77
https://www.hltv.org/player/24644/vancekk,"VanceKK",23,0.94,31,40,19,71,28,89,50
https://www.hltv.org/player/24855/957,"957",24,1.03,68,20,68,46,53,0,66
https://www.hltv.org/player/24857/zero,"Zero",20,1.30,97,57,69,75,54,0,19
https://www.hltv.org/player/24858/laikexu,"LaiKeXu",27,1.01,45,65,32,38,27,0,32
https://www.hltv.org/player/1206/btn,"BTN",36,0.80,6,86,50,21,40,0,68
https://www.hltv.org/player/9626/xellow,"XELLOW",25,1.08,62,10,38,66,79,91,61
https://www.hltv.org/player/12945/blytz,"Blytz",25,1.01,52,57,66,54,36,0,55
https://www.hltv.org/player/19817/s0und,"s0und",23,1.05,69,75,50,72,22,0,23
https://www.hltv.org/player/22563/fnl,"fnl",20,1.00,40,28,67,18,45,0,32
https://www.hltv.org/player/21988/opdust,"opdust",19,1.00,20,58,37,15,84,1,80
https://www.hltv.org/player/24457/xelex,"xelex",17,1.17,88,59,61,67,50,0,62
https://www.hltv.org/player/25253/joey,"Joey",18,1.05,74,62,67,45,50,0,46
https://www.hltv.org/player/25254/ay0k,"ay0k",17,0.94,34,45,23,69,71,91,63
https://www.hltv.org/player/25255/nikodeon,"Nikodeon",17,1.05,56,39,53,69,41,0,42
https://www.hltv.org/player/13669/jackinho,"Jackinho",26,1.00,39,76,52,32,25,1,62
https://www.hltv.org/player/17937/isak,"isak",24,1.04,61,59,35,65,33,0,29
https://www.hltv.org/player/20253/dragon,"Dragon",26,1.01,62,14,22,81,60,0,50
https://www.hltv.org/player/24083/mail09,"MaiL09",16,1.01,42,76,73,26,35,0,55
https://www.hltv.org/player/18322/kaiser,"KAISER",25,1.10,52,20,24,41,63,85,72
https://www.hltv.org/player/18714/piriajr,"piriajr",23,1.37,100,15,51,84,63,5,26
https://www.hltv.org/player/20083/ninjaz,"ninjaZ",22,0.99,37,72,17,35,32,0,59
https://www.hltv.org/player/20690/zock,"zock",23,1.05,67,47,24,85,46,0,52
https://www.hltv.org/player/20885/freq,"fREQ",24,1.02,41,51,60,31,29,0,56
https://www.hltv.org/player/8528/hobbit,"HObbit",31,1.16,90,15,51,66,40,0,58
https://www.hltv.org/player/15071/interz,"interz",25,0.94,17,33,45,19,59,0,71
https://www.hltv.org/player/20700/lattykk,"lattykk",20,1.07,47,13,32,62,59,93,60
https://www.hltv.org/player/23770/cronuss,"cronuss",21,1.11,78,89,24,85,31,0,62
https://www.hltv.org/player/23771/oz1k,"oz1k",19,1.12,59,46,33,55,45,0,40
https://www.hltv.org/player/9483/destiny,"destiny",28,1.05,47,71,28,59,37,0,51
https://www.hltv.org/player/18743/nython,"nython",28,0.92,32,58,47,42,43,44,54
https://www.hltv.org/player/20029/card,"card",22,0.98,44,8,71,43,74,90,48
https://www.hltv.org/player/20522/gbb,"gbb",23,0.99,49,83,58,57,38,0,38
https://www.hltv.org/player/23551/tomate,"tomate",21,1.06,61,30,54,37,60,0,38
https://www.hltv.org/player/19981/bagyz,"BaGyZ",23,1.12,42,78,98,18,66,0,81
https://www.hltv.org/player/19982/sidivo,"Sidivo",26,1.05,64,29,42,45,44,0,65
https://www.hltv.org/player/22191/magila,"MAGILA",23,1.25,99,85,23,89,4,43,24
https://www.hltv.org/player/24022/uzman,"Uzman",21,1.12,85,24,12,24,41,2,21
https://www.hltv.org/player/25045/fello,"fello",23,1.04,64,69,78,67,44,10,26
https://www.hltv.org/player/17675/m1n1,"m1N1",21,1.04,60,15,64,61,80,93,36
https://www.hltv.org/player/18163/bibu,"Bibu",23,1.02,36,17,37,16,74,1,64
https://www.hltv.org/player/19763/boros,"BOROS",21,1.06,88,42,14,84,15,0,16
https://www.hltv.org/player/22419/0samas,"0SAMAS",23,0.95,33,42,28,46,41,0,39
https://www.hltv.org/player/16558/ruben,"rubeN",27,0.93,7,32,61,13,75,0,68
https://www.hltv.org/player/20258/spine,"SPine",25,1.03,49,83,71,22,68,0,72
https://www.hltv.org/player/20807/rage,"rage",26,1.12,92,62,20,93,37,75,62
https://www.hltv.org/player/23596/expsasiki,"expSasiKi",24,1.05,61,90,76,38,63,0,48
https://www.hltv.org/player/24747/suki,"suki",21,1.25,95,33,61,25,83,0,37
https://www.hltv.org/player/9219/felps,"felps",29,1.07,91,22,58,75,40,0,42
https://www.hltv.org/player/9482/nekiz,"NEKIZ",30,0.95,35,70,45,61,28,1,60
https://www.hltv.org/player/11739/shz,"shz",27,1.01,52,48,46,38,29,0,60
https://www.hltv.org/player/17861/jota,"JOTA",27,1.20,85,32,54,36,80,2,84
https://www.hltv.org/player/21099/bsd,"bsd",24,1.05,52,21,20,85,49,92,45
https://www.hltv.org/player/21367/spirit,"spirit",23,1.11,75,91,65,65,57,1,30
https://www.hltv.org/player/22327/something,"Something",22,1.02,53,71,45,57,29,3,31
https://www.hltv.org/player/23628/kusme,"KusMe",21,1.09,62,56,73,22,52,2,87
https://www.hltv.org/player/24607/swetsi,"swetsi",19,1.02,55,30,52,51,75,93,57
https://www.hltv.org/player/22706/yab0ku,"yab0ku-",19,0.88,9,66,21,6,89,0,53
https://www.hltv.org/player/23151/nikitea,"nikitea",19,0.97,58,43,88,38,62,1,36
https://www.hltv.org/player/23589/magic,"Magic",20,1.00,43,22,86,28,53,47,62
https://www.hltv.org/player/24204/kiy0o,"Kiy0o",21,1.11,85,83,47,84,27,0,37
https://www.hltv.org/player/24914/br4tko,"Br4tkO",18,1.13,78,98,77,79,23,1,34
https://www.hltv.org/player/11940/nealan,"neaLaN",25,1.00,44,64,35,71,41,0,58
https://www.hltv.org/player/22537/def1zer,"def1zer",21,1.06,43,57,65,22,78,0,89
https://www.hltv.org/player/23292/pump,"Pump",19,1.06,42,56,32,31,71,3,57
https://www.hltv.org/player/23541/tasman,"tasman",20,1.12,80,25,39,69,48,1,32
https://www.hltv.org/player/4829/mynio,"mynio",30,0.91,33,73,16,48,47,0,85
https://www.hltv.org/player/17504/kei,"KEi",24,1.15,89,30,29,77,35,0,31
https://www.hltv.org/player/19114/kylar,"Kylar",26,1.11,60,20,37,39,64,0,66
https://www.hltv.org/player/20289/dgl,"DGL",27,1.15,85,11,50,76,76,93,43
https://www.hltv.org/player/25104/kunai,"Kunai",19,1.01,51,66,20,69,27,0,46
https://www.hltv.org/player/24281/st0m4k,"St0m4k",18,0.93,38,24,90,11,49,0,28
https://www.hltv.org/player/24690/yoghi,"Yoghi",17,1.00,8,100,61,6,43,0,60
https://www.hltv.org/player/25331/holy,"HOLY",16,0.90,36,94,66,84,74,0,69
https://www.hltv.org/player/25585/muciek,"Muciek",18,1.15,68,26,96,60,93,49,71
https://www.hltv.org/player/25676/hrdina,"Hrdina",15,0.99,41,95,90,41,7,0,10
https://www.hltv.org/player/20956/fozil,"fozil",23,1.04,60,53,32,52,58,0,27
https://www.hltv.org/player/22189/h4san4tor,"H4SAN4TOR",20,1.04,54,91,61,55,42,0,30
https://www.hltv.org/player/22326/kaide,"Kaide",25,1.18,95,55,53,90,37,3,77
https://www.hltv.org/player/22459/sh1nejezzz,"sh1nejezzz",20,1.02,39,78,79,14,57,0,30
https://www.hltv.org/player/24972/maquein,"maQuein",21,0.99,31,33,75,30,92,92,55
https://www.hltv.org/player/17918/nosrac,"nosraC",25,1.15,86,66,31,70,30,1,81
https://www.hltv.org/player/19709/shane,"shane",22,1.16,68,54,86,23,61,0,43
https://www.hltv.org/player/19711/snav,"snav",24,1.13,71,58,48,48,27,1,73
https://www.hltv.org/player/20692/dea,"dea",21,1.19,82,38,50,84,69,80,66
https://www.hltv.org/player/19617/amster,"amster",24,1.11,77,64,25,37,53,1,27
https://www.hltv.org/player/21065/malkiss,"Malkiss",24,1.00,36,12,21,48,74,92,65
https://www.hltv.org/player/21650/marat2k,"marat2k",22,1.03,56,33,46,38,53,0,74
https://www.hltv.org/player/21651/kl1o,"kL1o",21,0.99,46,54,37,63,33,0,37
https://www.hltv.org/player/22649/oneun1que,"OneUn1que",23,1.07,73,28,53,75,55,1,49
https://www.hltv.org/player/2131/bondik,"bondik",32,1.05,44,83,79,23,53,0,95
https://www.hltv.org/player/18240/smash,"Smash",23,1.09,59,77,72,57,66,0,67
https://www.hltv.org/player/19614/s4ltovsk1yy,"s4ltovsk1yy",24,1.05,52,43,74,59,91,92,61
https://www.hltv.org/player/20110/marix,"Marix",22,1.11,66,87,52,75,34,0,75
https://www.hltv.org/player/20228/j3kie,"j3kie",25,1.00,53,80,76,73,29,2,29
https://www.hltv.org/player/21992/wasteofammo,"WasteOfAmmo",25,0.90,43,78,29,0,45,0,59
https://www.hltv.org/player/23850/clyd1e,"clyd1e",18,1.18,92,97,100,70,33,3,37
https://www.hltv.org/player/23875/xanzu,"xanzu",20,0.95,32,91,83,26,73,0,57
https://www.hltv.org/player/24079/w1sely,"w1sely",22,1.27,86,83,94,75,93,0,37
https://www.hltv.org/player/24161/daymake,"DayMake",26,1.20,92,74,42,87,93,35,89
https://www.hltv.org/player/21273/r1ch,"r1ch",19,0.90,12,39,85,48,39,53,61
https://www.hltv.org/player/23545/ray5ive,"RaY5ive",20,1.17,84,78,70,31,91,0,69
https://www.hltv.org/player/24128/astr,"ASTR",22,0.87,21,96,78,35,53,0,59
https://www.hltv.org/player/24704/neqy,"Neqy",20,1.07,80,76,80,57,28,1,57
https://www.hltv.org/player/24997/meowpop,"meowpop",18,0.97,32,80,94,19,80,0,23
https://www.hltv.org/player/24681/sercera,"SeRCEra",22,0.88,15,89,23,21,51,0,55
https://www.hltv.org/player/25366/swayu,"swayu",20,0.97,24,63,74,29,52,1,58
https://www.hltv.org/player/25368/sayyouwill,"SayYouWill",21,0.84,35,60,70,57,24,89,27
https://www.hltv.org/player/25369/colin,"colin",23,0.99,38,37,53,7,91,0,52
https://www.hltv.org/player/25580/cobalt,"cobalt",21,1.09,80,38,80,61,27,0,49
https://www.hltv.org/player/19173/fnk,"fNk",23,1.00,57,71,53,70,47,0,88
https://www.hltv.org/player/21272/tak,"tAk",21,1.10,75,38,41,26,80,0,49
https://www.hltv.org/player/23544/hitori,"hitori",17,0.92,23,56,43,56,26,0,24
https://www.hltv.org/player/24111/junyme,"Junyme",18,0.98,42,8,63,36,81,88,65
https://www.hltv.org/player/25576/yksjupe,"yksjupe",19,1.04,45,77,24,80,46,0,51
https://www.hltv.org/player/16753/n1xen,"n1Xen",22,0.99,53,76,91,27,37,1,44
https://www.hltv.org/player/20637/b1elany,"b1elany",23,1.08,56,39,53,28,75,0,49
https://www.hltv.org/player/22048/tapewaare,"Tapewaare",21,0.91,19,68,47,36,53,0,56
https://www.hltv.org/player/24203/jorko,"Jorko",17,1.12,80,16,35,66,83,92,58
https://www.hltv.org/player/24332/matheos,"Matheos",23,1.01,64,72,50,69,46,0,37
https://www.hltv.org/player/21690/strogo,"StRoGo",23,0.73,1,15,30,14,58,0,47
https://www.hltv.org/player/22350/ct0m,"ct0m",22,1.35,99,5,18,72,77,8,52
https://www.hltv.org/player/23048/kelien,"kelieN",21,0.98,44,73,9,76,36,4,37
https://www.hltv.org/player/23682/m3wsu,"m3wsu",21,0.98,48,74,54,34,35,1,26
https://www.hltv.org/player/16814/danoco,"danoco",30,1.03,40,74,64,42,34,0,47
https://www.hltv.org/player/18891/cutzmeretz,"CutzMeretz",28,0.86,5,42,11,14,42,0,75
https://www.hltv.org/player/18894/t9rnay,"t9rnay",24,1.11,77,12,65,62,62,0,41
https://www.hltv.org/player/22956/lash,"lash",21,1.08,78,4,63,75,68,92,62
https://www.hltv.org/player/18437/jachro,"Jachro",25,0.78,1,6,49,6,35,0,63
https://www.hltv.org/player/19939/cyrix,"Cyrix",23,,,,,,,,
https://www.hltv.org/player/22544/sharpie,"Sharpie",23,1.10,93,89,12,67,39,11,25
https://www.hltv.org/player/24769/toasty,"toasty",25,0.79,10,29,65,78,31,0,59
https://www.hltv.org/player/24770/brawckzz,"brawckzz",20,,,,,,,,
https://www.hltv.org/player/20750/p3r3iira,"P3R3IIRA",24,0.97,31,32,41,67,58,2,84
https://www.hltv.org/player/23141/seabraez,"seabraez",21,0.99,41,56,55,69,38,0,76
https://www.hltv.org/player/23480/m1ka,"M1KA",19,0.99,31,84,44,32,61,0,59
https://www.hltv.org/player/23559/snowiee,"snowiee",20,1.03,42,76,61,49,62,0,26
https://www.hltv.org/player/24905/h0t,"h0t",20,1.06,51,11,83,57,52,84,45
https://www.hltv.org/player/14010/zmb,"zmb",27,1.16,77,86,25,78,60,9,90
https://www.hltv.org/player/17132/leomonster,"Leomonster",22,0.99,52,40,28,81,27,0,76
https://www.hltv.org/player/20521/alisson,"Alisson",22,1.08,73,77,86,40,58,0,48
https://www.hltv.org/player/21284/happ,"happ",23,1.00,31,24,26,20,67,0,38
https://www.hltv.org/player/23550/divine,"divine",21,1.06,45,9,41,46,89,93,57
https://www.hltv.org/player/16811/mistem,"MisteM",24,1.09,41,60,38,31,66,0,76
https://www.hltv.org/player/21512/rud,"rud",20,1.03,71,61,45,84,30,92,43
https://www.hltv.org/player/22950/sl1m3,"sL1m3",19,1.06,72,45,12,29,74,2,36
https://www.hltv.org/player/23753/mahar,"MahaR",17,1.08,57,63,83,46,49,5,44
https://www.hltv.org/player/7998/s1mple,"s1mple",28,1.08,70,27,18,68,58,83,58
https://www.hltv.org/player/8918/electronic,"electroNic",27,1.03,52,62,42,47,52,0,35
https://www.hltv.org/player/20926/andu,"aNdu",20,1.02,59,55,54,78,62,0,42
https://www.hltv.org/player/23482/tuxa,"tuxa",22,1.06,66,5,87,51,97,67,55
https://www.hltv.org/player/24139/moretz,"Moretz",20,1.05,55,98,58,64,84,0,50
https://www.hltv.org/player/25041/blaze,"blaze",20,0.95,37,98,58,30,36,0,69
https://www.hltv.org/player/25208/jerk0z,"jERK0z",17,0.93,59,92,100,20,38,0,26
https://www.hltv.org/player/25698/rafity,"rafity",21,0.72,2,93,87,33,27,0,21
https://www.hltv.org/player/10892/marke,"MarKE",27,1.17,72,24,72,30,58,0,82
https://www.hltv.org/player/14494/junior,"junior",25,1.25,93,14,35,72,81,93,70
https://www.hltv.org/player/15176/cryptic,"Cryptic",24,1.10,75,66,15,83,26,0,78
https://www.hltv.org/player/17929/walco,"Walco",24,0.96,23,78,20,32,52,0,72
https://www.hltv.org/player/23458/laxiee,"laxiee",20,1.10,66,62,71,55,33,0,22
https://www.hltv.org/player/7996/cruc1al,"CRUC1AL",28,1.09,72,15,48,84,78,93,41
https://www.hltv.org/player/13018/thomas,"Thomas",27,1.02,32,93,40,16,73,1,82
https://www.hltv.org/player/20872/nexius,"Nexius",22,1.05,69,78,34,80,34,3,71
https://www.hltv.org/player/22035/n0te,"n0te",19,1.09,71,25,77,44,35,0,44
https://www.hltv.org/player/24734/tein,"tein",19,1.02,22,59,60,15,86,0,50
https://www.hltv.org/player/22864/robo,"robo",19,1.03,78,51,41,79,28,7,76
https://www.hltv.org/player/23319/syph0,"syph0",17,1.08,77,49,53,23,28,0,48
https://www.hltv.org/player/24176/mokuj1n,"Mokuj1n",17,1.05,58,73,63,49,45,0,40
https://www.hltv.org/player/25334/kurosse,"kurosse",17,0.82,9,50,68,20,54,0,55
https://www.hltv.org/player/25390/kiryasoo,"Kiryasoo",16,1.05,58,13,24,71,71,94,66
https://www.hltv.org/player/9896/b0rup,"b0RUP",26,1.02,41,45,23,31,62,0,48
https://www.hltv.org/player/13718/birdfromsky,"birdfromsky",32,0.87,7,57,29,12,61,0,97
https://www.hltv.org/player/15117/keoz,"Keoz",25,1.08,71,69,84,56,60,1,44
https://www.hltv.org/player/16147/cptkurtka023,"cptkurtka023",26,1.18,88,65,36,87,29,0,40
https://www.hltv.org/player/22904/burmylov,"Burmylov",18,1.15,92,20,61,72,80,95,38
https://www.hltv.org/player/20053/slaxx,"Slaxx",24,1.05,59,72,93,30,87,0,40
https://www.hltv.org/player/20054/rafaxf,"rafaxF",24,1.02,65,22,63,66,42,93,59
https://www.hltv.org/player/20055/stepa,"Stepa",23,1.02,36,61,54,39,32,1,35
https://www.hltv.org/player/21115/sprayy,"Sprayy",23,0.83,7,80,30,9,56,0,25
https://www.hltv.org/player/24138/kunana,"Kunana",23,0.93,29,38,92,18,5,0,59
https://www.hltv.org/player/24633/mattymyimb,"MattyMyimb",21,1.09,65,42,38,68,30,47,77
https://www.hltv.org/player/24634/jayy2s,"Jayy2s",22,1.50,100,81,57,96,83,0,88
https://www.hltv.org/player/25049/man,"Mané",22,1.00,30,45,45,31,62,1,50
https://www.hltv.org/player/25212/c0mplex,"c0mplex",21,1.03,56,67,43,75,4,0,38
https://www.hltv.org/player/14294/hazr,"hazr",24,1.10,60,71,36,52,37,0,45
https://www.hltv.org/player/14990/keen,"keen",25,1.15,83,61,41,90,34,93,82
https://www.hltv.org/player/20003/shadiy,"shadiy",23,1.32,99,77,38,84,21,0,34
https://www.hltv.org/player/20086/addict,"ADDICT",25,1.41,99,73,59,59,61,0,79
https://www.hltv.org/player/20244/savage,"SaVage",20,1.27,87,76,77,49,43,0,77
https://www.hltv.org/player/10730/sirius,"sirius",31,0.96,11,88,65,20,46,0,95
https://www.hltv.org/player/17318/shyyne,"shyyne",26,1.09,53,9,35,30,21,66,26
https://www.hltv.org/player/20505/rinji,"rinji",21,1.28,90,16,87,58,96,89,63
https://www.hltv.org/player/24070/nolv1n,"Nolv1n",23,0.85,8,67,77,35,36,0,57
https://www.hltv.org/player/25577/oontoma,"oontoma",22,1.29,86,87,85,78,44,0,60
https://www.hltv.org/player/6593/pkl,"PKL",31,0.99,30,65,38,33,52,0,76
https://www.hltv.org/player/16817/hardzao,"hardzao",24,1.09,84,17,17,81,36,12,59
https://www.hltv.org/player/18610/detr0ittj,"detr0ittJ",25,1.13,85,13,38,69,47,92,63
https://www.hltv.org/player/22362/xureba,"xureba",22,1.02,38,15,48,13,57,0,57
https://www.hltv.org/player/23045/lukiz,"lukiz",23,0.99,35,43,22,74,48,0,49
https://www.hltv.org/player/11013/thamlike,"thamlike",27,1.14,80,28,79,27,73,1,72
https://www.hltv.org/player/13077/patti,"Patti",27,0.87,12,87,29,47,35,0,78
https://www.hltv.org/player/13170/kwezz,"kwezz",25,1.09,83,20,23,78,44,3,69
https://www.hltv.org/player/21381/zanto,"Zanto",21,1.11,58,49,33,48,79,0,56
https://www.hltv.org/player/25088/sink,"SinK",25,0.98,51,14,41,54,76,92,51
https://www.hltv.org/player/9115/dexter,"dexter",31,1.10,85,53,43,79,28,4,87
https://www.hltv.org/player/10588/liazz,"Liazz",28,1.33,94,40,53,52,87,0,68
https://www.hltv.org/player/11139/alistair,"aliStair",27,1.25,80,24,53,83,96,93,72
https://www.hltv.org/player/18545/asap,"asap",22,1.29,97,56,63,71,65,0,56
https://www.hltv.org/player/20527/tjp,"TjP",23,1.05,46,84,27,44,33,0,64
https://www.hltv.org/player/16971/zewts,"zewts",25,1.19,96,26,54,90,66,62,55
https://www.hltv.org/player/20158/ed1m,"Ed1m",25,0.94,36,37,61,21,85,0,33
https://www.hltv.org/player/21213/ersin,"ERSIN",24,1.01,50,12,48,50,23,0,90
https://www.hltv.org/player/21368/roberttmp,"RoberttMP",24,1.01,50,77,29,34,26,0,54
https://www.hltv.org/player/21716/wazz,"waZz",23,0.87,16,44,56,45,16,0,56
https://www.hltv.org/player/12872/apocdud,"apocdud",26,1.04,44,70,51,44,78,1,89
https://www.hltv.org/player/18736/pz,"pz",26,1.05,46,51,28,53,85,92,87
https://www.hltv.org/player/19906/damyo,"damyo",24,1.01,44,28,62,74,36,2,62
https://www.hltv.org/player/22629/omichella,"Omichella",23,1.10,65,76,46,60,56,0,27
https://www.hltv.org/player/23346/vision,"vision",21,1.05,54,59,83,48,65,0,51
https://www.hltv.org/player/15818/k1-fida,"K1-FiDa",29,0.95,15,45,44,12,55,0,65
https://www.hltv.org/player/15821/neofrag,"NEOFRAG",24,0.96,51,52,46,81,43,0,71
https://www.hltv.org/player/20229/moriisko,"MoriiSko",24,0.97,18,17,16,21,54,0,50
https://www.hltv.org/player/21165/m1key,"M1key",21,1.15,91,54,50,60,63,3,74
https://www.hltv.org/player/23469/woozzzi,"woozzzi",19,0.98,48,17,40,62,48,90,49
https://www.hltv.org/player/16269/zame,"zame",24,0.82,10,39,88,39,44,61,57
https://www.hltv.org/player/21580/thomass1,"thomass1",24,1.19,87,38,84,59,72,2,45
https://www.hltv.org/player/21860/brave,"Brave",23,1.15,94,51,93,45,21,0,40
https://www.hltv.org/player/22952/hagmeister,"Hagmeister",23,1.04,69,93,37,63,32,0,34
https://www.hltv.org/player/23616/zapr,"ZapR",21,0.79,1,90,54,16,16,0,92
https://www.hltv.org/player/21253/darendeli,"Darendeli",21,1.14,91,93,56,87,39,3,17
https://www.hltv.org/player/22498/ens,"eNs",21,1.03,28,24,29,21,71,0,74
https://www.hltv.org/player/22504/scollen,"scolleN",20,1.00,46,45,33,52,64,1,33
https://www.hltv.org/player/24842/vej,"Vej",21,1.07,85,25,38,80,67,90,65
https://www.hltv.org/player/24843/cadnyx,"cadnyx",20,1.14,84,64,85,56,64,0,32
https://www.hltv.org/player/22364/j0w,"j0w",26,0.96,39,75,54,38,25,0,68
https://www.hltv.org/player/22566/deemo,"deemO",18,0.99,45,39,78,28,82,0,38
https://www.hltv.org/player/24284/revoltz,"revoltz",18,1.01,45,55,29,42,34,0,52
https://www.hltv.org/player/24556/tele,"tele",26,1.17,95,22,57,93,55,1,25
https://www.hltv.org/player/9108/tucks,"tucks",29,0.91,19,46,31,44,48,41,89
https://www.hltv.org/player/11847/texta,"Texta",24,1.22,96,83,86,75,20,1,55
https://www.hltv.org/player/23345/dpr,"dpr",21,1.09,58,45,38,22,55,0,22
https://www.hltv.org/player/24788/swerzien,"swerzieN",20,1.10,85,33,19,83,53,29,64
https://www.hltv.org/player/25138/zune,"zune",21,1.08,51,52,65,39,60,0,43
https://www.hltv.org/player/19538/magnumz,"MagnumZ",24,0.95,31,37,68,5,94,87,67
https://www.hltv.org/player/21428/fury5k,"fury5k",27,1.06,54,10,12,68,73,1,79
https://www.hltv.org/player/24123/sideffect,"sideffect",19,1.01,59,29,43,35,15,0,43
https://www.hltv.org/player/24125/xenization,"xenization",20,1.07,80,76,66,62,49,0,43
https://www.hltv.org/player/24804/viscera,"viscera",18,0.83,23,43,62,11,52,80,75
https://www.hltv.org/player/15562/samppa,"Samppa",28,0.97,49,9,20,22,67,2,62
https://www.hltv.org/player/25677/lene,"Lene",20,0.79,22,75,8,57,2,10,25
https://www.hltv.org/player/25678/j0nnew,"J0nneW",20,0.83,5,41,62,12,81,3,12
https://www.hltv.org/player/25679/kapiv,"KapiV",21,0.69,14,8,81,39,14,19,54
https://www.hltv.org/player/25680/geni,"Geni",23,0.86,14,49,47,19,66,0,64
https://www.hltv.org/player/20033/maze,"Maze",24,1.10,79,31,73,49,39,0,69
https://www.hltv.org/player/22940/mol011,"Mol011",19,1.06,59,22,38,17,58,0,47
https://www.hltv.org/player/24276/n4xx1s,"N4XX1S",20,1.00,15,61,29,12,75,0,30
https://www.hltv.org/player/24425/bekker,"bekker",20,0.98,45,32,43,52,67,91,44
https://www.hltv.org/player/25066/qx,"qx",19,1.02,57,60,36,64,39,0,67
https://www.hltv.org/player/15662/zorte,"zorte",27,1.05,60,58,36,93,42,93,68
https://www.hltv.org/player/16555/ax1le,"Ax1Le",23,1.03,44,21,25,21,81,11,79
https://www.hltv.org/player/17011/shalfey,"shalfey",23,0.97,32,17,55,23,44,4,62
https://www.hltv.org/player/18447/dssj,"DSSj",27,0.99,58,52,26,73,54,91,22
https://www.hltv.org/player/18671/get-jeka,"Get_Jeka",23,0.91,18,52,79,13,48,0,21
https://www.hltv.org/player/19703/ryujin,"Ryujin",23,1.09,75,71,84,22,57,0,41
https://www.hltv.org/player/20207/raijin,"Raijin",24,1.03,59,36,32,82,47,2,51
https://www.hltv.org/player/13250/ben1337,"ben1337",27,0.96,24,91,54,59,35,0,89
https://www.hltv.org/player/16647/bwills,"Bwills",24,1.19,91,63,81,78,60,0,68
https://www.hltv.org/player/19079/fruitcupx,"Fruitcupx",24,1.08,69,26,70,30,51,0,38
https://www.hltv.org/player/19128/slight,"SLIGHT",23,1.17,86,24,47,54,90,93,86
https://www.hltv.org/player/20564/d4rty,"d4rty",21,1.04,52,88,49,67,37,0,32
https://www.hltv.org/player/12877/chelleos,"chelleos",25,1.09,72,23,22,88,52,92,82
https://www.hltv.org/player/14333/ju1ces,"ju1ces",23,1.18,85,68,83,30,61,0,27
https://www.hltv.org/player/17390/adk,"ADK",24,,,,,,,,
https://www.hltv.org/player/21395/terryyy,"Terryyy",25,1.01,44,77,50,76,30,0,47
https://www.hltv.org/player/19060/biuckmt,"Biuckmt",22,1.02,41,36,45,19,72,0,29
https://www.hltv.org/player/20896/salmon,"salmon",26,0.96,27,84,32,43,21,0,53
https://www.hltv.org/player/24306/3gl,"3gl",20,1.09,68,17,50,55,92,92,61
https://www.hltv.org/player/24748/trash,"Trash",21,1.09,81,27,67,21,51,0,34
https://www.hltv.org/player/12777/gejmzilla,"gejmzilla",29,0.86,16,53,19,42,61,2,90
https://www.hltv.org/player/18119/cerber,"cerber",27,1.07,68,42,50,26,58,0,60
https://www.hltv.org/player/20434/bledard,"BledarD",24,1.06,68,17,36,69,81,93,36
https://www.hltv.org/player/21108/caleyy,"Caleyy",23,1.15,93,59,62,68,37,2,40
https://www.hltv.org/player/21109/ammar,"ammar",22,1.07,57,41,39,41,67,0,42
https://www.hltv.org/player/23668/amsalem,"AMSALEM",23,0.97,41,61,80,38,31,0,57
https://www.hltv.org/player/24113/ssen,"sSen",18,1.07,56,96,62,47,36,0,36
https://www.hltv.org/player/24325/tripex17,"tripex17",21,0.96,20,77,23,20,59,1,59
https://www.hltv.org/player/24810/doni,"doni",18,1.03,51,87,48,78,34,0,19
https://www.hltv.org/player/8575/calyx,"Calyx",27,1.06,61,18,33,25,70,0,36
https://www.hltv.org/player/15835/imorr,"imoRR",26,1.04,72,74,56,75,40,4,52
https://www.hltv.org/player/21023/emstar,"EMSTAR",26,1.06,78,87,74,74,23,0,93
https://www.hltv.org/player/21250/jresy,"jresy",20,1.01,46,82,71,53,48,0,38
https://www.hltv.org/player/23274/lugsen,"lugseN",21,0.96,26,34,59,47,82,91,67
https://www.hltv.org/player/22810/krallej,"KralleJ",19,1.01,71,27,27,66,43,0,62
https://www.hltv.org/player/22811/avou,"Avou",25,0.78,2,77,25,12,37,0,53
https://www.hltv.org/player/23334/bukhavez,"Bukhavez",22,0.99,34,36,36,33,70,0,36
https://www.hltv.org/player/23471/noruyp,"Noruyp",25,1.01,69,14,52,80,70,95,19
https://www.hltv.org/player/24105/botman,"Botman",22,1.15,73,46,81,32,78,0,36
https://www.hltv.org/player/840/karl,"karl",37,0.76,1,57,39,5,66,22,77
https://www.hltv.org/player/22997/tutu,"tutu",24,1.11,82,64,68,74,68,1,78
https://www.hltv.org/player/24036/zdr,"zdr",19,0.91,31,42,79,9,46,0,33
https://www.hltv.org/player/24387/jun7,"Jun7",17,1.08,70,94,70,77,61,4,44
https://www.hltv.org/player/25246/miszary,"Miszary",18,1.03,74,49,91,80,54,16,54
https://www.hltv.org/player/21888/thuister,"Thuister",22,1.02,79,33,14,82,32,1,81
https://www.hltv.org/player/23960/sakamoto,"sakamoto",25,1.07,64,8,62,27,70,0,59
https://www.hltv.org/player/24298/alennncar,"ALENNNCAR",24,1.01,53,8,23,54,72,91,52
https://www.hltv.org/player/24328/lukita,"Lukita",27,0.95,23,58,27,21,58,0,72
https://www.hltv.org/player/24930/vzn,"vzn",24,0.87,14,42,47,17,49,0,25
https://www.hltv.org/player/16768/lan,"lan",24,1.11,76,31,21,88,55,92,53
https://www.hltv.org/player/16778/b1ngo,"B1NGO",26,1.02,46,43,70,19,62,0,80
https://www.hltv.org/player/16872/flying,"flying",24,1.04,52,40,55,24,82,0,31
https://www.hltv.org/player/19735/roninbaby,"Roninbaby",22,1.05,88,79,39,89,31,3,52
https://www.hltv.org/player/21509/miami,"Miami",23,1.03,54,63,70,11,57,0,16
https://www.hltv.org/player/20946/due1yant,"Due1yant",26,1.23,84,26,68,36,87,0,51
https://www.hltv.org/player/21350/neolife,"NeoLife",24,1.04,53,72,58,60,53,0,54
https://www.hltv.org/player/25165/sexyvova,"SEXYVOVA",23,1.05,63,36,30,69,59,92,42
https://www.hltv.org/player/25167/gleb86rus,"gleb86rus",20,1.11,79,90,80,24,80,0,44
https://www.hltv.org/player/25168/laksheri,"LAKSHERi",22,1.01,87,87,67,80,18,0,40
https://www.hltv.org/player/25095/veno,"VENO",18,1.13,84,26,43,34,45,0,23
https://www.hltv.org/player/25332/grecu,"grecu",18,0.81,4,38,19,16,36,91,27
https://www.hltv.org/player/25430/clockzi,"clockzi",14,0.79,19,36,86,22,21,0,39
https://www.hltv.org/player/25431/olaie,"Olaie",22,0.89,28,90,54,8,49,0,32
https://www.hltv.org/player/25432/nucleonz,"NucleonZ",17,1.13,97,72,84,89,21,0,39
https://www.hltv.org/player/11205/stadodo,"stadodo",29,1.08,43,17,56,71,73,91,74
https://www.hltv.org/player/16102/nopeej,"NOPEEJ",24,1.06,39,54,88,22,66,0,72
https://www.hltv.org/player/17003/snapy,"snapy",24,1.08,73,81,23,83,27,0,72
https://www.hltv.org/player/20683/icarus,"Icarus",23,1.09,61,54,35,37,61,0,46
https://www.hltv.org/player/23237/tmkj,"TMKj",20,,,,,,,,
https://www.hltv.org/player/18989/fr0k,"fr0k",27,1.30,73,57,63,31,1,0,32
https://www.hltv.org/player/22635/wetfy,"wetfy",21,1.04,82,52,70,86,26,93,34
https://www.hltv.org/player/22638/icyvl0ne,"icyvl0ne",22,0.95,28,79,79,47,54,0,35
https://www.hltv.org/player/24656/shoxs,"shoxs",20,0.98,34,92,70,32,30,0,49
https://www.hltv.org/player/20422/owner,"OWNER",22,1.01,62,19,48,37,41,0,42
https://www.hltv.org/player/22945/tr0uble,"Tr0ublE",21,0.97,39,10,49,57,47,92,54
https://www.hltv.org/player/23614/bambosh,"Bambosh",20,0.88,12,59,53,15,58,0,28
https://www.hltv.org/player/24286/levantino,"levantino",21,0.88,31,37,20,55,39,0,63
https://www.hltv.org/player/24672/fakerealityy,"fakerealityy",20,0.93,40,55,60,40,41,0,42
https://www.hltv.org/player/17378/reck,"reck",22,1.13,81,77,73,77,37,1,70
https://www.hltv.org/player/18706/freshie,"freshie",23,1.07,78,92,32,80,2,0,49
https://www.hltv.org/player/21021/tr0jn,"TR0JN",23,1.10,68,56,43,51,33,2,51
https://www.hltv.org/player/22967/ogwizard,"ogwizard",19,1.08,80,8,66,62,48,93,57
https://www.hltv.org/player/23675/evan,"Evan",21,0.95,17,32,36,4,47,0,51
https://www.hltv.org/player/21930/millert,"millert",19,1.06,64,22,58,75,70,92,72
https://www.hltv.org/player/22733/teme,"teme",18,1.09,65,58,81,30,70,0,45
https://www.hltv.org/player/23536/blick,"Blick",17,0.84,5,85,45,17,31,0,44
https://www.hltv.org/player/24121/cliqq,"Cliqq",17,0.85,12,80,42,49,25,0,40
https://www.hltv.org/player/24149/schwarz,"Schwarz",18,1.13,89,37,68,69,55,1,82
https://www.hltv.org/player/9818/uli,"uli",28,1.02,44,31,68,20,55,0,57
https://www.hltv.org/player/21963/alxc,"Alxc",22,0.98,49,52,29,73,46,0,55
https://www.hltv.org/player/22143/p3kko,"p3kko",25,0.99,34,22,13,27,55,0,50
https://www.hltv.org/player/22144/puuha,"puuha",18,1.07,56,87,34,53,55,1,66
https://www.hltv.org/player/22211/ottob,"ottob",21,0.99,60,4,40,82,47,95,40
https://www.hltv.org/player/23304/maison,"Maison",22,0.96,38,30,81,69,42,0,68
https://www.hltv.org/player/24021/adai,"adai",25,0.98,50,72,55,59,39,0,35
https://www.hltv.org/player/25009/aldikon,"Aldikon",19,1.02,50,30,16,82,56,93,58
https://www.hltv.org/player/25010/botpa1,"Botpa1",18,1.03,54,88,58,47,79,0,46
https://www.hltv.org/player/25011/dan4o,"dan4o",21,1.05,58,70,72,19,73,0,46
https://www.hltv.org/player/11942/buster,"buster",26,1.00,41,13,21,27,87,3,46
https://www.hltv.org/player/18752/kade0,"kade0",25,0.94,27,29,62,27,30,0,65
https://www.hltv.org/player/23386/kumao,"kumao",20,1.05,57,76,38,78,39,0,30
https://www.hltv.org/player/23598/noni,"noni",20,0.97,41,16,29,58,47,91,51
https://www.hltv.org/player/9214/spamzzy,"spamzzy",29,0.90,31,62,43,19,39,3,49
https://www.hltv.org/player/19918/b1,"b1",27,1.07,52,17,55,24,85,0,76
https://www.hltv.org/player/20405/amc,"AMC",24,0.97,65,60,58,75,44,77,16
https://www.hltv.org/player/22547/4taylor,"4TAYLOR",24,1.14,92,46,36,78,43,4,38
https://www.hltv.org/player/24345/majesticzz,"Majesticzz",24,1.12,81,69,68,37,56,0,60
https://www.hltv.org/player/8503/fl0m,"fl0m",33,1.06,63,57,57,79,30,0,60
https://www.hltv.org/player/15007/cooper,"Cooper",31,1.07,70,21,45,72,28,90,30
https://www.hltv.org/player/15090/pwnalone,"PwnAlone",34,1.12,79,78,32,52,72,10,79
https://www.hltv.org/player/20510/hyza,"hyza",27,0.93,26,80,64,17,70,0,25
https://www.hltv.org/player/22022/trucklover86,"Trucklover86",26,0.92,32,61,88,35,52,0,47
https://www.hltv.org/player/9339/impression,"ImpressioN",29,0.97,54,38,90,40,79,0,81
https://www.hltv.org/player/12279/derek,"Derek",26,0.87,33,43,69,71,5,3,33
https://www.hltv.org/player/14359/w1nt3r,"w1nt3r",28,1.19,82,76,21,56,69,0,35
https://www.hltv.org/player/23568/zumss,"Zumss",22,1.09,82,33,96,62,86,89,54
https://www.hltv.org/player/24753/kuma,"Kuma",26,0.75,4,96,15,22,57,0,25
https://www.hltv.org/player/23136/zucar,"Zucar",24,1.21,91,99,50,85,40,0,64
https://www.hltv.org/player/23137/dvrk,"dvrk",21,1.00,45,69,46,46,56,59,79
https://www.hltv.org/player/23138/sasha,"sasha",22,0.92,23,95,97,29,41,0,68
https://www.hltv.org/player/24667/fuzenko,"fuzenko",17,1.18,88,77,98,54,39,0,53
https://www.hltv.org/player/24890/marekiew,"marekiew",21,1.14,83,85,74,37,45,0,26
https://www.hltv.org/player/11276/marko,"Markoś",27,1.10,60,10,50,38,89,85,42
https://www.hltv.org/player/20284/maaryy,"maaryy",24,0.96,38,47,28,35,42,1,47
https://www.hltv.org/player/23767/adrien,"AdrieN",23,0.86,17,62,31,43,32,2,49
https://www.hltv.org/player/24243/nami,"Nami",24,1.05,56,27,44,61,75,1,47
https://www.hltv.org/player/24244/yvro,"yvro",21,1.00,47,53,63,36,47,0,26
https://www.hltv.org/player/10722/gas,"gas",29,1.01,64,51,34,75,22,0,56
https://www.hltv.org/player/20354/purely,"Purely",22,0.96,29,79,32,27,63,19,68
https://www.hltv.org/player/22441/qqgod,"qqGOD",23,1.14,87,38,72,56,57,0,59
https://www.hltv.org/player/23231/hina,"HiNa",21,1.00,46,60,62,54,47,91,57
https://www.hltv.org/player/25247/sator1,"sATOR1",20,0.95,31,58,77,17,43,1,31
https://www.hltv.org/player/9616/amanek,"amanek",32,0.93,14,88,30,73,40,10,45
https://www.hltv.org/player/15118/sbt,"SBT",24,0.89,12,67,47,41,84,3,75
https://www.hltv.org/player/20960/ex1st,"ex1st",21,1.14,80,39,70,64,83,0,68
https://www.hltv.org/player/21143/sk1tt,"sk1tt",22,1.07,61,18,56,50,35,0,87
https://www.hltv.org/player/22474/polo,"POLO",25,1.05,73,6,23,47,73,96,73
https://www.hltv.org/player/12102/djay,"djay",32,1.01,51,83,53,33,34,0,77
https://www.hltv.org/player/19177/consti,"consti",25,1.17,81,13,85,51,91,88,84
https://www.hltv.org/player/20572/kmrn,"kmrn",23,1.08,62,65,47,61,49,2,41
https://www.hltv.org/player/21128/pluto,"Pluto",28,1.33,99,77,71,24,32,0,70
https://www.hltv.org/player/22552/sandman,"Sandman",24,1.15,78,76,45,66,51,1,56
https://www.hltv.org/player/8850/goosebreeder,"GooseBreeder",30,0.95,31,65,36,72,33,0,73
https://www.hltv.org/player/14401/emy,"Emy",25,0.90,44,27,26,44,48,92,78
https://www.hltv.org/player/18641/bibiahn,"BiBiAhn",23,1.01,63,38,85,46,54,0,48
https://www.hltv.org/player/22111/vanessa,"vanessa",25,0.95,22,44,51,17,35,0,55
https://www.hltv.org/player/23621/marie,"marie",18,1.05,54,36,44,32,42,0,32
https://www.hltv.org/player/21909/keegan,"keegaN",22,1.10,72,89,99,67,85,90,73
https://www.hltv.org/player/22430/k0s,"k0s",23,1.25,97,98,78,90,37,0,55
https://www.hltv.org/player/22883/k1slll,"k1slll",23,0.95,23,93,59,47,32,1,90
https://www.hltv.org/player/22961/finw,"finW",21,1.03,30,81,95,21,63,0,45
https://www.hltv.org/player/25423/gooddeph,"gooddeph",21,0.92,20,90,95,42,65,0,43
https://www.hltv.org/player/19985/nacho,"nacho",22,1.15,82,34,37,56,48,1,43
https://www.hltv.org/player/20451/abizz,"abizz",21,1.01,40,28,15,32,68,0,64
https://www.hltv.org/player/20992/ivz,"ivz",22,1.04,52,7,57,55,75,92,62
https://www.hltv.org/player/21155/naz,"naz",25,1.02,36,53,39,43,44,1,59
https://www.hltv.org/player/7700/robiin,"robiin",30,0.93,29,45,56,38,40,0,85
https://www.hltv.org/player/17769/twinkey,"Twinkey",25,0.89,16,47,48,30,24,0,55
https://www.hltv.org/player/24462/titulus,"titulus",22,1.04,64,43,52,69,52,0,77
https://www.hltv.org/player/24584/sn0w,"Sn0w",21,1.22,91,25,53,74,87,74,70
https://www.hltv.org/player/24727/mogv,"mogv",23,1.14,73,69,26,42,68,0,67
https://www.hltv.org/player/3329/quix,"quix",33,0.74,5,54,63,22,29,2,46
https://www.hltv.org/player/9811/plessen,"PlesseN",27,0.88,29,58,11,72,15,0,78
https://www.hltv.org/player/15501/b0denmaster,"b0denmaster",27,1.01,45,2,73,38,82,89,77
https://www.hltv.org/player/22380/bsover,"bsover",20,1.05,76,12,42,75,66,15,58
https://www.hltv.org/player/23741/doobs,"doobs",22,0.84,5,64,35,13,22,0,52
https://www.hltv.org/player/11498/nickelback,"NickelBack",28,1.03,48,10,51,32,47,1,95
https://www.hltv.org/player/13240/lack1,"Lack1",26,0.95,41,43,12,76,66,1,30
https://www.hltv.org/player/13281/el1an,"El1an",26,0.92,36,10,35,36,89,94,63
https://www.hltv.org/player/13982/forester,"Forester",25,0.90,26,13,68,71,28,0,50
https://www.hltv.org/player/19171/mhn1,"mhN1",25,0.98,50,11,64,19,58,5,60
https://www.hltv.org/player/24338/welnic,"welnic",20,0.83,23,70,15,64,25,1,25
https://www.hltv.org/player/24901/ra1n,"ra1n",24,0.97,62,25,86,67,49,87,63
https://www.hltv.org/player/25333/lks,"LkS",21,0.83,5,52,51,7,44,0,75
https://www.hltv.org/player/25602/rqby,"RQBY",17,0.82,6,28,43,42,28,0,20
https://www.hltv.org/player/14969/discplex,"discplex",26,0.96,26,66,34,1,79,0,50
https://www.hltv.org/player/19566/frip,"Frip",22,1.13,96,17,78,86,5,5,59
https://www.hltv.org/player/23720/hexoq,"hexoq",19,0.92,37,60,66,75,38,4,56
https://www.hltv.org/player/24210/yaankz,"yaankz",22,0.96,46,84,86,52,40,1,48
https://www.hltv.org/player/24591/chipaan,"ChipaaN",22,0.85,13,78,64,26,71,79,66
https://www.hltv.org/player/20883/eightz999,"eightz999",24,1.07,63,36,44,56,60,92,66
https://www.hltv.org/player/23835/psychodoctor,"PsychoDoctor",20,0.97,32,53,69,27,37,0,27
https://www.hltv.org/player/24311/wadeshot,"Wadeshot",22,0.94,19,60,82,20,40,1,12
https://www.hltv.org/player/24807/slaxejezzz,"slaxejezzz",18,1.16,92,49,70,66,36,2,32
https://www.hltv.org/player/19664/torox,"torox",22,0.98,36,35,16,21,94,8,21
https://www.hltv.org/player/21513/4x1s,"4X1s",21,1.14,91,46,62,61,49,1,65
https://www.hltv.org/player/23764/alv,"Alv",20,1.03,57,24,28,78,75,94,54
https://www.hltv.org/player/24349/deen,"deeN",18,0.91,17,34,49,45,66,2,38
https://www.hltv.org/player/25349/salazar,"Salazar",21,0.97,32,37,31,45,54,1,48
https://www.hltv.org/player/14744/calamity,"calamity",23,1.05,59,37,31,23,27,0,25
https://www.hltv.org/player/20330/jsfeltner,"jsfeltner",26,1.00,62,84,44,46,39,1,56
https://www.hltv.org/player/23690/tyra,"TyRa",22,0.97,66,15,11,81,77,5,86
https://www.hltv.org/player/23691/beast,"Beast",26,0.80,11,53,86,10,21,0,31
https://www.hltv.org/player/24528/scorchyy,"Scorchyy",25,1.04,61,36,81,30,93,85,51
https://www.hltv.org/player/14390/wood7,"WOOD7",30,1.00,56,9,19,46,83,78,85
https://www.hltv.org/player/17181/naitte,"naitte",28,1.11,90,58,21,88,31,3,75
https://www.hltv.org/player/22182/ksloks,"ksloks",20,1.07,68,60,24,64,44,1,53
https://www.hltv.org/player/22777/diozera,"diozera",18,1.24,90,39,50,79,30,0,38
https://www.hltv.org/player/24772/nardes,"nardes",22,1.17,81,25,43,65,81,91,58
https://www.hltv.org/player/20437/brillo,"Brillo",24,0.91,20,32,72,11,47,0,89
https://www.hltv.org/player/22650/rendysky,"rendysky",19,0.94,30,41,56,14,35,91,66
https://www.hltv.org/player/22722/yoom,"yoom",19,0.86,28,78,88,34,59,4,23
https://www.hltv.org/player/23696/wonder,"Wonder",18,0.87,31,61,69,28,14,1,54
https://www.hltv.org/player/23735/dezt,"dezt",20,0.87,17,70,50,50,73,0,20
https://www.hltv.org/player/15732/cizzx,"Cizzx",24,0.89,15,59,37,30,37,2,79
https://www.hltv.org/player/22806/quality,"Quality",19,1.13,89,27,80,50,80,4,58
https://www.hltv.org/player/25109/zer0uky,"zer0UKY",21,1.01,45,49,21,74,70,94,37
https://www.hltv.org/player/25500/xeternalxx,"xEternaLxx",17,0.98,48,81,84,33,38,0,16
https://www.hltv.org/player/25540/zemix,"zemix",18,0.98,40,64,13,56,15,4,45
https://www.hltv.org/player/22863/kad1m,"KAD1M",23,1.07,73,17,49,81,87,90,68
https://www.hltv.org/player/23204/siko,"Siko",19,1.05,48,40,55,26,36,0,38
https://www.hltv.org/player/23206/w4rden,"w4rden",20,0.98,36,48,41,58,42,0,78
https://www.hltv.org/player/24261/realzen,"realzen",22,1.10,76,52,78,81,50,0,70
https://www.hltv.org/player/24553/n1kolaj,"N1KOLAJ",25,0.87,17,87,41,17,34,0,51
https://www.hltv.org/player/14273/idisbalance,"iDISBALANCE",29,1.01,44,77,67,18,59,76,42
https://www.hltv.org/player/22193/sad,"sad",22,1.03,69,40,66,76,27,31,17
https://www.hltv.org/player/22450/yakuza,"Yakuza",20,0.96,38,70,64,76,34,1,20
https://www.hltv.org/player/23638/7tetsu,"7tetsu",22,1.05,52,61,62,40,86,0,60
https://www.hltv.org/player/24114/xm1nd,"xm1nd",21,1.04,42,26,80,57,70,90,52
https://www.hltv.org/player/24302/paranormal,"Paranormal",24,1.31,99,30,41,61,74,0,46
https://www.hltv.org/player/24396/solooos,"soloooS",23,1.14,59,87,92,11,85,0,45
https://www.hltv.org/player/24512/cozen,"Cozen",22,1.15,91,61,68,55,78,0,71
https://www.hltv.org/player/24513/kamui,"Kamui",24,1.16,93,81,25,86,62,1,69
https://www.hltv.org/player/24779/bkzcurs3d,"bkzcurs3d",23,0.77,3,57,48,77,37,77,34
https://www.hltv.org/player/21192/zealot,"zealot",23,1.04,77,32,11,79,21,2,56
https://www.hltv.org/player/21365/k1ssly,"k1ssly",23,0.92,29,19,43,63,46,0,91
https://www.hltv.org/player/24899/mikejio,"Mikejio",19,0.95,18,8,45,15,37,78,75
https://www.hltv.org/player/25608/ayano,"ayano",22,1.11,75,78,12,63,24,0,66
https://www.hltv.org/player/25609/heckbnk,"HeCkBNk",22,1.08,51,53,94,49,33,0,39
https://www.hltv.org/player/19707/grape,"grape",25,0.70,9,49,88,14,18,0,38
https://www.hltv.org/player/20273/cajun,"CAJUN",28,0.98,53,73,34,75,40,0,93
https://www.hltv.org/player/20787/pose1donn,"Pose1doNN",23,1.19,91,35,97,48,90,67,61
https://www.hltv.org/player/21091/pol0,"Pol0",23,1.05,63,98,74,58,78,0,55
https://www.hltv.org/player/23410/coolcoms,"CoolComs",27,1.10,82,98,30,86,31,0,42
https://www.hltv.org/player/11926/mds,"mds",27,0.75,1,47,4,51,51,0,38
https://www.hltv.org/player/23687/muk0s,"Muk0s",19,1.01,53,45,58,65,56,0,72
https://www.hltv.org/player/24316/whisper,"whisper",19,0.97,23,74,39,82,32,1,44
https://www.hltv.org/player/24318/tommy,"tommy",21,1.06,72,36,59,75,57,92,58
https://www.hltv.org/player/24838/pavlysha666,"pavlysha666",23,1.13,67,88,56,26,56,0,74
https://www.hltv.org/player/15573/ciocardau,"Ciocardau",25,1.00,61,45,58,57,35,0,59
https://www.hltv.org/player/17116/ragga,"ragga",25,1.00,56,27,64,82,69,87,58
https://www.hltv.org/player/18294/adron,"ADRON",24,0.87,14,67,64,9,75,1,38
https://www.hltv.org/player/21117/d1maje,"d1maje",24,0.92,28,39,26,48,37,1,26
https://www.hltv.org/player/21337/starplajerz,"starplajerz",22,0.91,16,44,65,13,83,0,46
https://www.hltv.org/player/20411/zeak,"zeak",23,0.98,43,22,19,51,23,0,46
https://www.hltv.org/player/22877/rack,"Rack",21,1.05,82,80,18,88,13,0,26
https://www.hltv.org/player/23734/king,"king",25,1.01,28,13,56,29,81,83,70
https://www.hltv.org/player/24112/p1ke,"p1ke",21,1.03,46,72,77,18,66,0,90
https://www.hltv.org/player/24143/lindeen,"lindeen",22,1.09,72,14,35,58,30,0,34
https://www.hltv.org/player/24292/f0r3ver,"F0R3VER",18,0.91,26,72,45,38,14,0,37
https://www.hltv.org/player/24950/aquars,"AquaRS",19,1.03,69,64,71,42,47,0,61
https://www.hltv.org/player/24951/triborgg1,"TriBorgg1",16,1.01,60,52,79,33,50,0,54
https://www.hltv.org/player/12850/v1z3r,"v1z3r",25,1.22,95,73,96,44,83,0,49
https://www.hltv.org/player/22283/makszi,"makszi",22,1.28,94,24,59,86,79,0,82
https://www.hltv.org/player/22284/flasi,"flasi",24,0.93,60,42,97,95,35,42,49
https://www.hltv.org/player/22286/nons3ns,"NONS3NS",24,0.76,2,78,12,11,85,0,89
https://www.hltv.org/player/25516/strong3r,"strong3r",18,0.78,8,100,98,13,3,3,30
https://www.hltv.org/player/20336/artist,"arTisT",28,1.00,51,19,32,55,80,64,84
https://www.hltv.org/player/20339/extinct,"Extinct",26,0.94,30,67,36,78,35,1,76
https://www.hltv.org/player/20908/bevve,"bevve",25,1.05,59,73,85,24,53,0,32
https://www.hltv.org/player/22192/vacancy,"Vacancy",23,1.03,51,92,68,59,40,0,41
https://www.hltv.org/player/17216/mallby,"MaLLby",24,1.14,54,73,37,25,70,0,68
https://www.hltv.org/player/22655/r3kt,"r3kt",21,1.11,38,26,54,30,24,2,38
https://www.hltv.org/player/22957/stax,"stax",22,0.83,6,12,4,53,30,0,93
https://www.hltv.org/player/24778/elfmelk,"ELFMELK",19,1.24,85,12,72,46,85,8,35
https://www.hltv.org/player/25596/blood,"blood",20,1.22,95,20,44,57,71,92,45
https://www.hltv.org/player/25597/val,"Val",20,0.85,24,37,26,65,20,0,15
https://www.hltv.org/player/17997/lenci,"lenci",26,1.05,33,72,72,17,80,0,46
https://www.hltv.org/player/19086/pavv,"pavv",28,1.12,90,86,55,88,35,1,53
https://www.hltv.org/player/20689/hezz,"Hezz",25,1.00,52,65,45,64,38,3,74
https://www.hltv.org/player/24091/dott1,"dott1",21,0.98,42,31,73,28,45,0,57
https://www.hltv.org/player/25105/agl,"AGL",23,0.91,20,22,35,39,62,88,56
https://www.hltv.org/player/20170/kyuubii,"kyuubii",20,1.13,91,47,31,67,56,3,37
https://www.hltv.org/player/22866/jboen,"JBOEN",20,1.13,77,17,36,64,87,92,49
https://www.hltv.org/player/24195/xonn1k,"xonn1k",20,0.95,41,23,76,22,40,0,35
https://www.hltv.org/player/24358/w1dow,"w1dow",19,0.97,53,42,19,48,22,12,37
https://www.hltv.org/player/14070/hatex,"hatex",28,0.94,22,76,70,14,69,0,87
https://www.hltv.org/player/24841/ckanic,"Ckanic",21,1.06,61,25,54,38,78,0,29
https://www.hltv.org/player/25076/rim3,"rim3",19,1.15,83,86,65,63,44,5,48
https://www.hltv.org/player/25575/zuedsta,"Zuedsta",22,0.93,20,85,85,27,86,2,65
https://www.hltv.org/player/25578/mertowsk1,"Mertowsk1",23,1.08,82,47,34,80,80,93,59
https://www.hltv.org/player/11215/olga,"Olga",31,1.22,95,48,52,91,65,0,88
https://www.hltv.org/player/16341/gabi,"GaBi",26,1.05,37,19,24,30,45,0,60
https://www.hltv.org/player/21800/poppins,"poppins",19,1.02,49,92,50,39,31,0,72
https://www.hltv.org/player/21801/yungher,"yungher",28,1.05,50,13,44,42,58,92,67
https://www.hltv.org/player/23463/dani,"Dani",18,1.10,75,74,47,64,43,0,29
https://www.hltv.org/player/13689/jchance,"jchancE",29,0.97,42,23,65,44,73,88,46
https://www.hltv.org/player/20234/gabe,"Gabe",23,1.08,57,64,55,18,54,0,72
https://www.hltv.org/player/22267/mds,"mds",32,0.90,23,73,35,55,21,0,47
https://www.hltv.org/player/24045/h0nest,"H0NeST",18,1.15,94,75,56,85,34,0,15
https://www.hltv.org/player/21849/astra,"ASTRA",25,1.18,82,70,70,56,58,0,86
https://www.hltv.org/player/22062/vicu,"vicu",23,1.22,92,45,14,92,49,93,63
https://www.hltv.org/player/22063/hanka,"Hanka",21,1.04,65,61,58,76,45,0,31
https://www.hltv.org/player/23049/kyossa,"kyossa",21,1.17,87,58,92,24,71,0,36
https://www.hltv.org/player/23995/emmsan,"Emmsan",19,1.02,31,68,23,20,69,0,64
https://www.hltv.org/player/20320/n1ghtraid,"N1ghtraid",28,1.22,97,63,74,90,42,94,42
https://www.hltv.org/player/21463/mechanical,"Mechanical",23,0.86,15,74,38,18,46,0,79
https://www.hltv.org/player/23824/74lor,"74LOR",20,0.95,39,63,54,27,54,8,42
https://www.hltv.org/player/25339/myst,"Myst",19,0.93,53,51,47,50,27,0,24
https://www.hltv.org/player/25452/royal,"RoyaL",25,0.76,1,52,31,8,39,9,17
https://www.hltv.org/player/10827/prt,"prt",28,1.05,53,65,36,33,41,0,27
https://www.hltv.org/player/11337/rcf,"RCF",25,0.90,31,23,8,89,33,92,38
https://www.hltv.org/player/13287/bnc,"bnc",26,1.05,42,68,51,24,55,0,45
https://www.hltv.org/player/17028/abr,"abr",26,1.05,62,31,70,47,53,2,28
https://www.hltv.org/player/22126/nyezin,"nyezin",22,1.15,69,19,24,83,59,1,51
https://www.hltv.org/player/16415/supra,"supra",24,1.24,95,69,69,24,51,9,67
https://www.hltv.org/player/19297/brilliance,"Brilliance",23,1.02,49,87,68,34,90,0,58
https://www.hltv.org/player/20621/nitzie,"nitzie",24,1.07,80,13,93,38,16,92,84
https://www.hltv.org/player/21686/anttzz,"anttzz",24,0.94,25,62,7,69,29,1,41
https://www.hltv.org/player/24817/jakekes,"jakekeS",22,0.80,10,97,48,67,39,0,32
https://www.hltv.org/player/18140/f4stzin,"f4stzin",26,1.12,69,66,38,16,68,1,26
https://www.hltv.org/player/19972/ckzao,"ckzao",29,1.11,88,11,19,93,19,0,61
https://www.hltv.org/player/22084/mello,"mello",23,1.03,48,4,43,58,68,93,55
https://www.hltv.org/player/22404/cerolzin,"cerolzin",23,0.94,30,68,43,40,38,1,50
https://www.hltv.org/player/14799/brett,"brett",27,1.09,85,51,81,56,44,0,86
https://www.hltv.org/player/20573/andrew,"Andrew",25,1.03,50,27,45,63,61,93,48
https://www.hltv.org/player/21093/sava9e,"sava9e",27,0.91,22,56,81,9,37,0,62
https://www.hltv.org/player/23830/luke4k,"LUKE4k",19,0.89,24,19,77,23,61,29,52
https://www.hltv.org/player/24238/s3rum,"s3rum",21,0.99,54,86,25,78,57,0,54
https://www.hltv.org/player/13679/nukkye,"nukkye",28,1.09,77,33,72,48,62,0,61
https://www.hltv.org/player/17113/szejn,"szejn",23,1.02,58,16,43,35,43,0,34
https://www.hltv.org/player/21575/scr0b,"Scr0b",21,1.02,53,52,60,72,56,91,68
https://www.hltv.org/player/22948/anber,"anber",19,1.04,56,87,79,53,44,0,29
https://www.hltv.org/player/9325/arvid,"arvid",28,0.88,6,90,28,28,31,0,42
https://www.hltv.org/player/14236/oopee,"oopee",27,1.32,99,36,85,80,64,4,54
https://www.hltv.org/player/21931/myggis,"Myggis",21,0.97,12,29,76,3,94,1,76
https://www.hltv.org/player/24995/8juho8,"8Juho8",21,1.21,93,39,28,90,38,0,58
https://www.hltv.org/player/25504/puteli,"Puteli",24,0.94,54,28,65,30,89,71,56
https://www.hltv.org/player/17656/frazehh,"Frazehh",28,1.09,72,14,92,82,72,92,64
https://www.hltv.org/player/18218/tadpole,"Tadpole",22,0.87,9,86,82,7,78,0,30
https://www.hltv.org/player/20128/dobbo,"dobbo",22,0.90,38,98,75,39,26,1,38
https://www.hltv.org/player/21990/prime,"Prime",26,1.14,70,100,81,73,27,0,50
https://www.hltv.org/player/12758/ana,"ANa",26,1.19,90,15,39,44,80,95,55
https://www.hltv.org/player/16497/tory,"tory",27,1.07,66,57,15,80,47,0,60
https://www.hltv.org/player/18775/twenty3,"twenty3",24,1.12,83,36,46,53,58,1,38
https://www.hltv.org/player/21756/kat,"Kat",28,1.01,31,29,41,17,45,0,61
https://www.hltv.org/player/24005/wieenn,"wieenN",23,1.20,95,68,40,93,31,0,59
https://www.hltv.org/player/16392/kamo,"Kamo",23,1.06,54,33,47,36,46,58,51
https://www.hltv.org/player/25306/matih3h3,"MATIH3H3",25,,,,,,,,
https://www.hltv.org/player/25307/eskyy,"eskyy",23,1.19,97,94,99,60,39,1,61
https://www.hltv.org/player/25308/benog,"benog",20,0.80,5,97,17,21,79,0,49
https://www.hltv.org/player/25309/adex,"adex",20,1.26,91,61,51,66,53,0,68
https://www.hltv.org/player/2544/remix,"remix",32,0.96,47,14,28,74,42,94,44
https://www.hltv.org/player/19975/broken,"brokeN",23,0.86,2,97,60,53,50,4,69
https://www.hltv.org/player/23587/ltz,"Ltz",20,1.02,49,70,89,64,37,0,38
https://www.hltv.org/player/24716/cld,"cLd",23,1.00,35,42,90,27,35,0,46
https://www.hltv.org/player/16865/magic,"Magic",25,0.98,76,52,40,77,44,0,50
https://www.hltv.org/player/20202/jdubs,"JDubs",26,0.84,14,53,36,20,1,0,16
https://www.hltv.org/player/21426/febreeze,"febreeze",24,1.19,89,75,71,28,58,0,19
https://www.hltv.org/player/24467/johan,"Johan",22,0.95,33,46,81,10,59,1,41
https://www.hltv.org/player/24664/killerpandas,"killerPandas",22,1.15,90,54,87,85,49,92,51
https://www.hltv.org/player/23828/sanc,"sanc",20,1.03,35,69,61,47,99,0,26
https://www.hltv.org/player/24477/gtw,"gtw",15,1.09,62,42,80,9,13,0,42
https://www.hltv.org/player/24571/n0page,"n0page",25,1.00,35,52,28,53,12,0,77
https://www.hltv.org/player/24572/edv,"edv",21,0.94,41,21,7,61,42,90,50
https://www.hltv.org/player/25681/nk,"Nk",14,1.05,72,11,12,77,5,0,63
https://www.hltv.org/player/15060/neuz,"NEUZ",26,1.01,49,68,85,53,52,0,85
https://www.hltv.org/player/15062/shinobi,"shinobi",31,0.81,14,20,83,7,23,1,82
https://www.hltv.org/player/24124/rhittacrit,"rhittacrit",18,1.04,67,66,53,11,50,87,34
https://www.hltv.org/player/24394/aapestt,"Aapestt",19,1.06,48,90,42,60,81,0,46
https://www.hltv.org/player/25513/qqlightning,"QQLIGHTNING",21,0.94,36,37,45,30,31,0,17
https://www.hltv.org/player/23335/folke,"Folke",21,1.00,43,33,56,56,69,91,62
https://www.hltv.org/player/23936/few,"Few",21,0.97,24,60,48,14,77,0,25
https://www.hltv.org/player/24102/mizi,"Mizi",19,0.93,22,83,76,50,29,0,66
https://www.hltv.org/player/21038/reix,"Reix",23,0.96,55,23,24,29,48,0,90
https://www.hltv.org/player/21085/antonini,"antonini",23,0.96,44,20,31,54,23,2,37
https://www.hltv.org/player/23829/machado,"Machado",20,1.02,65,6,28,74,72,92,50
https://www.hltv.org/player/24717/nikz,"nikz",21,1.07,54,17,16,18,78,0,29
https://www.hltv.org/player/17844/hzi,"HZI",18,0.82,2,19,42,11,48,0,16
https://www.hltv.org/player/18223/pokemon,"PokemoN",27,1.18,92,43,47,86,66,5,78
https://www.hltv.org/player/23744/hf,"hf",21,0.99,57,47,93,55,39,58,52
https://www.hltv.org/player/23956/bloody,"Bloody",20,1.14,95,80,71,76,42,1,44
https://www.hltv.org/player/24640/pavast4r,"pavast4r",18,0.96,40,91,95,11,52,0,60
https://www.hltv.org/player/25552/space,"space",19,0.63,0,32,20,7,7,0,27
https://www.hltv.org/player/25553/s1lent,"s1lent",27,0.72,2,3,11,21,78,40,64
https://www.hltv.org/player/25554/rodfps,"RoDfps",21,0.88,34,5,38,32,84,0,30
https://www.hltv.org/player/8640/emuhleet,"EMUHLEET",34,0.99,51,29,51,13,83,79,75
https://www.hltv.org/player/21961/mira,"mira",23,0.98,70,42,59,80,22,1,69
https://www.hltv.org/player/22067/piggykiki,"PiggyKiki",21,0.90,13,93,79,27,4,2,85
https://www.hltv.org/player/22096/7licious,"7licious",25,0.79,14,33,63,33,40,0,54
https://www.hltv.org/player/23524/ellie,"Ellie",28,0.92,19,16,32,26,46,0,81
https://www.hltv.org/player/21601/crazy-gamer,"Crazy_Gamer",27,0.91,36,63,28,57,29,0,38
https://www.hltv.org/player/21602/defaulter,"DEFAULTER",26,0.83,19,32,62,11,9,0,68
https://www.hltv.org/player/23324/cyclonef,"CycloneF",25,0.79,12,4,50,7,74,0,54
https://www.hltv.org/player/23429/ph1nnn,"Ph1NNN",22,1.29,99,86,59,95,55,3,37
https://www.hltv.org/player/23452/f1redup,"f1redup",24,0.90,42,12,9,79,69,63,28
https://www.hltv.org/player/9144/cookie,"cookie",30,0.94,33,60,50,66,49,92,28
https://www.hltv.org/player/12588/brace,"BRACE",26,1.09,75,28,14,84,28,11,71
https://www.hltv.org/player/14290/skull,"SkulL",28,1.02,45,23,61,33,36,1,77
https://www.hltv.org/player/16031/cheeseball,"cheeseball",34,0.82,6,90,67,11,53,0,76
https://www.hltv.org/player/17392/rekonz,"rekonz",24,1.08,70,34,87,42,90,0,36
https://www.hltv.org/player/17450/sense,"sense",22,1.17,96,33,39,77,72,2,39
https://www.hltv.org/player/20716/berzerk,"berzerk",22,0.99,37,2,26,47,90,94,51
https://www.hltv.org/player/24515/macke,"macke",21,1.04,51,51,90,14,37,0,35
https://www.hltv.org/player/24516/artysan,"aRTYSAN",20,0.94,29,91,26,68,46,0,74
https://www.hltv.org/player/24523/zyme,"zyme",24,1.12,78,60,47,24,80,0,59
https://www.hltv.org/player/10838/mawth,"mawth",27,0.93,20,57,50,16,30,6,67
https://www.hltv.org/player/10840/tatazin,"tatazin",31,0.97,26,20,8,20,46,1,83
https://www.hltv.org/player/22423/clon7,"clon7",23,1.06,58,22,32,42,60,0,65
https://www.hltv.org/player/23094/renanzin,"RenanZin",19,0.82,15,57,11,65,36,0,35
https://www.hltv.org/player/23588/n1cks,"n1cks",20,1.03,66,1,64,74,72,91,60
https://www.hltv.org/player/21248/harbor,"Harbor",36,0.75,3,92,78,10,82,0,61
https://www.hltv.org/player/22330/elephant,"ElephanT",24,1.04,44,39,97,19,93,23,74
https://www.hltv.org/player/24321/kezza,"Kezza",25,0.87,4,75,55,49,17,0,24
https://www.hltv.org/player/25594/camille,"camille",25,0.90,25,94,68,60,24,0,21
https://www.hltv.org/player/25595/lawlkay,"lawlkay",23,1.08,80,83,96,16,66,0,24
https://www.hltv.org/player/21705/n2o,"N2o",22,1.01,87,24,10,88,38,62,40
https://www.hltv.org/player/21820/obi,"obi",21,0.92,52,62,14,54,34,3,35
https://www.hltv.org/player/22918/zy,"zy",24,1.04,91,17,76,38,53,1,30
https://www.hltv.org/player/23222/zamgaa,"Zamgaa",24,0.85,6,30,47,19,37,0,48
https://www.hltv.org/player/23799/madness,"madness",24,0.99,76,88,17,37,4,6,95
https://www.hltv.org/player/24847/glong,"gLong",18,1.13,90,57,71,59,38,3,30
https://www.hltv.org/player/25537/4ever,"4ever",18,1.06,62,39,63,45,3,1,54
https://www.hltv.org/player/25538/drace,"drace",18,0.93,60,18,73,62,52,95,58
https://www.hltv.org/player/25539/yoi,"yoi",18,0.88,16,67,23,39,18,2,48
https://www.hltv.org/player/11872/gabs,"gabs",29,1.12,56,61,24,54,29,0,54
https://www.hltv.org/player/16340/bizinha,"bizinha",27,1.02,51,65,45,77,14,0,76
https://www.hltv.org/player/17288/izaa,"izaa",23,1.13,71,83,83,79,52,0,56
https://www.hltv.org/player/21219/kaahsensei,"kaahSENSEI",30,1.08,58,31,20,54,83,90,73
https://www.hltv.org/player/22839/lulitenz,"lulitenz",24,1.06,49,29,85,28,18,0,80
https://www.hltv.org/player/18993/jkxy,"jkXy",24,0.89,24,37,68,12,7,71,37
https://www.hltv.org/player/23270/jun1,"JuN1",22,1.13,58,75,66,49,82,0,65
https://www.hltv.org/player/25651/libraa,"Libraa",23,1.48,100,7,90,93,28,0,68
https://www.hltv.org/player/25652/destro-yd,"Destro_YD",22,0.92,5,81,21,68,25,0,43
https://www.hltv.org/player/25653/jernejj,"jernejj",26,0.85,21,90,15,51,1,0,72
https://www.hltv.org/player/24089/tatu,"Tatu",21,1.00,57,95,58,81,80,0,58
https://www.hltv.org/player/24223/markz,"Markz",20,1.16,64,21,86,39,88,55,56
https://www.hltv.org/player/24249/futoi,"futoi",17,1.13,72,37,84,14,86,0,23
https://www.hltv.org/player/24564/tsug,"tsug",20,0.83,2,91,31,35,13,0,69
https://www.hltv.org/player/7935/roca,"roca",30,0.99,49,59,88,26,82,2,39
https://www.hltv.org/player/8518/glorinsz,"gloRinsz",32,0.81,9,80,32,19,11,0,25
https://www.hltv.org/player/18442/frizzy,"FRIZZY",27,0.90,21,26,85,5,62,85,75
https://www.hltv.org/player/22133/littlebeer,"LittleBEER",26,0.75,5,28,4,24,8,0,60
https://www.hltv.org/player/23370/tripp,"tripp",22,1.00,79,12,70,53,82,0,14
https://www.hltv.org/player/16167/x1ron,"X1RON",26,1.05,86,44,11,82,70,86,51
https://www.hltv.org/player/16179/mrmn,"mRmN",27,0.93,23,17,60,5,75,0,67
https://www.hltv.org/player/16180/dant1k,"Dant1k",32,0.92,47,9,34,30,31,0,71
https://www.hltv.org/player/21536/krypt0n,"kRYPt0N",20,0.91,40,86,51,21,70,0,34
https://www.hltv.org/player/21541/dili,"Dili",22,0.92,19,76,92,29,30,0,29
https://www.hltv.org/player/20582/kiyo,"Kiyo",23,0.94,60,40,31,84,34,92,48
https://www.hltv.org/player/21855/neo,"neo",23,0.91,48,25,9,81,27,0,54
https://www.hltv.org/player/22978/arctic,"Arctic",22,0.80,2,31,47,1,48,0,21
https://www.hltv.org/player/25453/tidy,"tidy",32,0.94,25,29,81,11,87,0,30
https://www.hltv.org/player/25425/16thslatty,"16thslatty",22,1.22,93,82,50,82,36,95,61
https://www.hltv.org/player/25426/insid10us,"inSid10us",20,1.23,96,91,80,72,52,22,40
https://www.hltv.org/player/25427/berar,"Berar",20,1.24,91,88,77,69,39,1,34
https://www.hltv.org/player/25428/a1one,"A1oNe",21,1.18,98,100,32,92,4,0,48
https://www.hltv.org/player/25429/equalizer,"Equalizer",25,0.94,43,56,90,30,14,0,47
https://www.hltv.org/player/25068/statiks,"statikS",19,1.05,69,21,26,84,21,91,19
https://www.hltv.org/player/25120/taurus,"TauruS",22,0.88,4,16,21,10,22,0,64
https://www.hltv.org/player/25616/alexeren,"Alexeren",20,1.01,68,15,88,35,58,0,45
https://www.hltv.org/player/25699/st,"st",22,0.59,1,65,1,66,5,0,34
https://www.hltv.org/player/25700/hanuman,"Hanuman",22,0.70,2,56,95,3,16,0,31
https://www.hltv.org/player/9238/fly,"fly",30,0.74,16,1,60,73,4,0,53
https://www.hltv.org/player/21758/samys,"Samys",23,0.73,3,87,22,35,7,0,26
https://www.hltv.org/player/22634/brunakiller,"brunakiller",22,0.92,38,98,93,40,58,3,31
https://www.hltv.org/player/23970/tamizinha,"tamizinha",26,0.67,0,37,51,34,31,13,18
https://www.hltv.org/player/22036/ayezs,"AyeZs",21,,,,,,,,
https://www.hltv.org/player/24063/hayanh,"hayanh",29,1.22,86,59,80,21,33,0,18
https://www.hltv.org/player/25304/miksozzz,"miksozzz",22,1.16,85,11,96,77,65,85,65
https://www.hltv.org/player/25305/aerax,"aerax",29,0.99,49,94,43,35,40,3,78
https://www.hltv.org/player/19998/regiane,"REGIANE",30,0.95,22,42,95,5,68,0,35
https://www.hltv.org/player/20501/bokor,"bokor",21,0.97,23,63,42,86,21,0,81
https://www.hltv.org/player/21733/lyttlez,"LyttleZ",21,1.27,94,69,41,83,78,95,79
https://www.hltv.org/player/23092/sofiaxyz,"Sofiaxyz",19,1.00,36,65,45,61,44,0,51
https://www.hltv.org/player/23514/eleven,"Eleven",23,1.18,84,84,78,64,53,0,43
https://www.hltv.org/player/20502/julih,"julih",26,1.07,74,69,40,77,68,0,50
https://www.hltv.org/player/21727/leti,"LETi",27,0.88,19,53,60,18,49,1,75
https://www.hltv.org/player/22065/angelka,"Angelka",24,1.24,98,19,29,34,27,0,28
https://www.hltv.org/player/23451/hikomi,"Hikomi",23,1.22,90,38,82,55,83,16,43
https://www.hltv.org/player/25171/naylla,"NAYLLA",19,0.89,10,30,15,12,30,0,19
https://www.hltv.org/player/22814/jiace,"Jiace",27,1.03,61,64,89,6,96,0,61
https://www.hltv.org/player/24106/emili0,"emili0",24,0.97,54,51,62,41,26,0,65
https://www.hltv.org/player/24738/egelund,"Egelund",24,1.03,58,0,19,46,68,92,70
https://www.hltv.org/player/24739/bakorino,"Bakorino",24,0.85,24,64,31,47,2,0,70
https://www.hltv.org/player/25399/etyyy,"ETYYY",21,0.94,27,40,22,39,76,0,49
https://www.hltv.org/player/23050/waldee,"Waldee",23,0.87,64,24,70,5,46,4,63
https://www.hltv.org/player/23051/milo,"miLo",24,0.80,9,89,64,11,1,3,11
https://www.hltv.org/player/23450/amyb,"amyb",25,0.97,72,51,70,72,65,86,61
https://www.hltv.org/player/23948/siljeeeh,"Siljeeeh",24,0.77,7,69,53,7,29,0,47
https://www.hltv.org/player/23950/piku,"piku",19,0.84,36,40,40,41,19,0,28
https://www.hltv.org/player/16581/stx,"Stx",25,1.00,49,70,66,48,44,0,60
https://www.hltv.org/player/22302/empathy,"empathy",21,1.15,79,73,23,72,51,0,41
https://www.hltv.org/player/23391/fawx,"Fawx",26,1.21,89,12,72,84,74,93,56
https://www.hltv.org/player/24393/raven,"raven",27,0.94,31,61,83,21,27,0,37
https://www.hltv.org/player/24415/serendipity,"Serendipity",25,0.81,3,47,48,10,52,0,38
https://www.hltv.org/player/15762/ember,"EmbeR",27,1.02,53,51,47,29,67,0,33
https://www.hltv.org/player/19563/clouda,"clouda",26,0.85,30,30,15,62,55,0,18
https://www.hltv.org/player/23323/bhavi,"Bhavi",22,1.02,56,47,24,39,30,1,62
https://www.hltv.org/player/23325/benzene,"Benzene",24,0.91,35,56,36,46,27,1,34
https://www.hltv.org/player/23430/rev3nnnn,"reV3nnnn",26,0.97,34,9,96,34,97,69,44
https://www.hltv.org/player/22028/margo,"Margo",23,1.01,60,68,73,32,37,0,55
https://www.hltv.org/player/23438/v1spel,"v1spel",24,1.14,83,15,33,92,88,93,56
https://www.hltv.org/player/23505/irbitka,"irbitka",20,1.08,71,70,9,63,27,0,79
https://www.hltv.org/player/24006/sosya,"sosya",22,0.98,30,52,39,19,72,2,67
https://www.hltv.org/player/24336/emocore,"emocore",21,0.99,74,20,46,46,16,0,53
https://www.hltv.org/player/6553/fl4sh,"fl4sh",21,0.88,25,55,22,35,18,0,36
https://www.hltv.org/player/21290/perez,"perez",20,0.95,40,27,64,29,47,0,53
https://www.hltv.org/player/21700/brn,"brn$",19,0.93,27,15,36,29,98,88,50
https://www.hltv.org/player/22964/stormzyn,"stormzyn",22,0.83,12,63,21,53,56,0,79
https://www.hltv.org/player/25108/lkz,"lkz",17,0.85,9,16,66,11,47,1,27
https://www.hltv.org/player/20600/sm3t,"sm3t",21,0.82,11,11,35,11,50,0,35
https://www.hltv.org/player/21630/pipw,"Pipw",23,0.82,5,59,11,41,32,0,58
https://www.hltv.org/player/24428/greatest,"GREATEST",22,0.81,15,6,60,16,19,3,36
https://www.hltv.org/player/24569/fluffy,"fluffy",19,1.37,93,63,55,95,7,92,44
https://www.hltv.org/player/24825/mrtrelog,"MrTrelog",24,0.58,2,25,69,28,5,0,48
https://www.hltv.org/player/12956/hasteka,"hasteka",27,1.05,66,78,28,49,60,0,92
https://www.hltv.org/player/18150/clouden,"clouden",25,0.98,60,52,66,32,51,1,53
https://www.hltv.org/player/19978/henx,"HenX",28,0.94,18,33,46,29,26,1,22
https://www.hltv.org/player/24303/hoolig4n,"hoolig4n",29,0.99,39,21,69,75,26,72,83
https://www.hltv.org/player/24317/n4mb3r5,"n4mb3r5",21,0.70,2,68,16,26,20,0,70
https://www.hltv.org/player/24319/gehji,"gehji",17,0.98,51,20,69,21,37,0,44
https://www.hltv.org/player/24900/newt,"newt",19,0.88,21,93,43,48,32,0,42
https://www.hltv.org/player/25077/kaiori,"kaiori",18,0.80,31,19,44,73,55,91,36
https://www.hltv.org/player/25345/1zz,"1zz",21,0.80,9,28,93,0,87,0,28
https://www.hltv.org/player/22556/royals,"Royals",25,0.62,1,6,27,49,17,60,57
https://www.hltv.org/player/24931/capim,"CaPiM",23,0.85,32,8,63,12,34,0,65
https://www.hltv.org/player/25464/yeda,"yeda",21,0.73,2,48,77,11,14,3,15
https://www.hltv.org/player/25465/balencyy,"balencyy",22,0.82,52,42,43,55,16,0,28
https://www.hltv.org/player/25466/luk1nha,"Luk1nha",24,0.48,0,19,16,9,13,0,14
https://www.hltv.org/player/15525/alicerawr,"alicerawr",25,1.16,87,25,64,66,58,88,34
https://www.hltv.org/player/23060/abby,"abby",26,0.95,53,16,9,88,31,24,19
https://www.hltv.org/player/23507/tokkis,"tokkis",22,0.92,23,35,42,56,48,0,25
https://www.hltv.org/player/24220/zazu,"Zazu",18,1.05,77,28,53,25,22,0,40
https://www.hltv.org/player/24724/cyclone,"cyclone",19,0.89,46,55,54,64,79,15,39
https://www.hltv.org/player/22476/virtuoso,"virtuoso",23,0.95,43,9,93,14,73,0,32
https://www.hltv.org/player/24081/keis,"keis",25,0.88,23,17,24,52,53,1,49
https://www.hltv.org/player/24544/xydoo,"Xydoo",24,0.80,16,14,23,21,40,91,51
https://www.hltv.org/player/8770/moeycq,"MoeycQ",32,,,,,,,,
https://www.hltv.org/player/14502/prodigy,"Prodigy",23,0.72,2,74,49,19,6,0,30
https://www.hltv.org/player/17582/bogeymanh,"bogeymanh",29,1.09,31,86,82,32,89,2,60
https://www.hltv.org/player/25600/phlux,"Phlux",27,1.08,68,93,60,73,18,0,53
https://www.hltv.org/player/25601/r3xy,"R3XY",21,0.92,25,9,74,53,47,0,74
https://www.hltv.org/player/17324/slash,"Slash",26,1.09,77,23,76,41,80,2,86
https://www.hltv.org/player/21555/cypress,"cypress",23,1.03,85,68,58,73,26,1,24
https://www.hltv.org/player/22021/fame,"FAME",24,1.13,85,87,95,24,3,6,41
https://www.hltv.org/player/24050/mcniff,"mcniff",24,0.88,26,38,10,54,33,2,26
https://www.hltv.org/player/18090/micro,"micro",23,0.87,65,17,12,77,19,2,50
https://www.hltv.org/player/20215/umar,"Umar",24,0.80,6,85,64,32,19,10,63
https://www.hltv.org/player/21669/seb,"Seb",24,1.09,77,24,90,25,49,0,43
https://www.hltv.org/player/23088/ayaneuu,"ayaneuu",22,0.98,48,17,97,15,67,0,59
https://www.hltv.org/player/24892/sathsea,"Sathsea",20,0.84,5,53,47,30,61,74,37
https://www.hltv.org/player/20094/jonyzera,"jonyzera",27,1.00,77,75,90,56,24,82,20
https://www.hltv.org/player/20438/pata-jones,"Pata_Jones",23,0.94,35,50,85,65,7,0,23
https://www.hltv.org/player/21088/lth,"LTH",24,0.63,0,18,87,1,73,9,45
https://www.hltv.org/player/25072/jaythered,"JayTheRed",24,0.65,1,100,35,28,11,0,50
https://www.hltv.org/player/25530/dragonst4r,"dragonst4r",22,0.67,0,33,68,33,68,0,13
https://www.hltv.org/player/23669/supers,"Supers",28,1.25,91,6,41,29,79,54,72
https://www.hltv.org/player/25141/zacheraay,"Zacheraay",22,,,,,,,,
https://www.hltv.org/player/25627/zoot,"Zoot",22,0.88,19,45,8,40,11,0,20
https://www.hltv.org/player/25628/c4put,"c4put",19,0.74,2,15,36,17,16,0,53
https://www.hltv.org/player/25629/jlb,"JLB",21,0.63,1,81,24,61,6,0,7
https://www.hltv.org/player/10499/jony-boy,"JonY BoY",34,0.89,21,26,60,48,74,86,68
https://www.hltv.org/player/10506/tutehen,"tutehen",33,0.82,11,33,63,21,30,0,90
https://www.hltv.org/player/10508/nbl,"nbl",29,0.82,8,85,76,21,45,0,40
https://www.hltv.org/player/20531/abm,"ABM",29,0.97,48,89,60,60,88,0,64
https://www.hltv.org/player/24558/maaxg1,"maaxg1",23,1.02,63,72,88,26,32,1,37
https://www.hltv.org/player/23997/jhones-macarones,"Jhones Macarones",24,0.87,17,9,62,25,91,36,47
https://www.hltv.org/player/25031/rx,"rx",20,0.80,11,81,35,29,20,0,33
https://www.hltv.org/player/25032/snow,"snow",19,0.82,8,48,40,18,88,6,61
https://www.hltv.org/player/25033/cr1a,"Cr1a",22,0.98,42,59,97,41,39,8,34
https://www.hltv.org/player/25200/freitas,"freitas",19,,,,,,,,
https://www.hltv.org/player/25060/fazery,"FAZERY",17,0.88,17,8,71,9,30,0,62
https://www.hltv.org/player/25672/satsu,"satsu",17,0.82,34,37,74,56,17,0,11
https://www.hltv.org/player/25673/r3zloo,"R3ZLOO",16,0.79,11,32,41,15,38,0,14
https://www.hltv.org/player/25674/yoki,"yoki",16,1.01,56,3,13,78,45,88,18
https://www.hltv.org/player/25675/kodak,"kodak",17,0.74,4,76,25,11,80,0,83
https://www.hltv.org/player/22804/batuonfire,"BatuOnFire",22,0.67,2,60,13,50,28,4,72
https://www.hltv.org/player/25730/souv,"souv",21,0.88,43,4,36,7,77,0,33
https://www.hltv.org/player/25731/hydro2k,"Hydro2K",18,1.14,91,51,48,86,0,0,30
https://www.hltv.org/player/25732/gayew,"GAYEW",18,0.81,26,13,40,37,63,43,46
https://www.hltv.org/player/18663/matusik,"matusik",23,0.46,4,0,69,21,94,95,36
https://www.hltv.org/player/22800/renik,"reNIK",24,0.74,37,7,41,88,10,0,5
https://www.hltv.org/player/23380/snoob,"Snoob",22,1.01,14,11,2,66,24,0,56
https://www.hltv.org/player/25079/dede,"DeDe",22,1.21,88,30,51,50,19,7,29
https://www.hltv.org/player/12010/p4trick,"P4TriCK",29,0.85,2,95,33,22,84,19,39
https://www.hltv.org/player/16425/red,"red",26,1.02,64,15,90,75,83,93,17
https://www.hltv.org/player/23041/jumiii,"JuMiii",29,1.04,60,89,14,23,19,2,47
https://www.hltv.org/player/23134/kebab,"Kebab",23,,,,,,,,
https://www.hltv.org/player/16661/mithputtini,"MITHPUTTINI",24,1.08,65,18,24,71,40,95,61
https://www.hltv.org/player/20219/xns,"xns",26,1.11,69,5,78,16,93,1,65
https://www.hltv.org/player/22085/spinnie,"spinnie",24,1.03,53,50,25,51,31,0,47
https://www.hltv.org/player/22125/lich,"Lich",22,0.81,9,87,5,81,38,1,36
https://www.hltv.org/player/24087/prisma,"prisma",19,0.94,23,14,66,35,15,1,48
https://www.hltv.org/player/22345/pandi7o,"pandi7o",20,0.92,24,44,4,69,2,0,11
https://www.hltv.org/player/24285/olik,"olik",20,0.73,7,19,100,15,71,0,13
https://www.hltv.org/player/24554/perdy,"PerdY",21,,,,,,,,
https://www.hltv.org/player/25061/keb1k,"keb1k",19,0.68,3,6,98,0,24,25,19
https://www.hltv.org/player/25623/luckzen,"luckzeN",18,1.05,57,94,87,3,96,0,26
https://www.hltv.org/player/22294/f0cus,"f0cus",25,0.79,25,16,37,1,8,1,5
https://www.hltv.org/player/22876/fizzy,"Fizzy",24,0.80,24,40,2,25,21,2,67
https://www.hltv.org/player/22941/z-nan,"z_nan",19,1.05,72,15,87,70,86,0,5
https://www.hltv.org/player/24056/flicky,"Flicky",23,0.99,26,80,89,27,94,94,30
https://www.hltv.org/player/24652/onder,"onder",21,0.68,11,68,94,32,71,1,8
https://www.hltv.org/player/17644/p12,"p12",34,0.82,2,0,16,16,25,0,92
https://www.hltv.org/player/19996/jelo,"Jelo",26,1.04,44,41,70,9,84,0,46
https://www.hltv.org/player/21499/ykis,"ykis",25,0.84,15,27,61,67,60,68,56
https://www.hltv.org/player/23502/kollo,"Kollo",24,0.70,14,47,40,13,6,0,21
https://www.hltv.org/player/22559/jotag3,"Jotag3",20,0.62,2,69,2,12,17,0,10
https://www.hltv.org/player/24560/lekzi,"Lekzi",20,0.92,16,83,81,74,30,0,50
https://www.hltv.org/player/24563/agt,"agt",20,0.41,0,26,34,27,6,6,78
https://www.hltv.org/player/24715/k1not1,"k1not1",21,0.84,60,20,98,11,22,21,86
https://www.hltv.org/player/17846/executor,"Executor",26,0.57,0,32,58,28,10,0,11
https://www.hltv.org/player/20772/insmutje,"insmutje",21,1.09,83,28,98,18,58,0,27
https://www.hltv.org/player/22455/okay,"OKay",26,0.97,25,42,56,39,58,94,17
https://www.hltv.org/player/22456/bullet,"BulleT",23,0.85,1,100,86,16,88,0,52
https://www.hltv.org/player/16603/jr24racing,"Jr24racing",26,1.18,96,31,34,90,2,0,64
https://www.hltv.org/player/22149/nova,"nova",26,1.01,59,85,79,12,69,0,31
https://www.hltv.org/player/24449/toasty,"Toasty",25,1.02,24,67,46,28,92,0,87
https://www.hltv.org/player/24452/msaia,"Msaia",23,0.97,76,80,55,50,30,0,37
